,counties,1976D,1976R,1976Total,1980D,1980R,1980Total,1984D,1984R,1984Total,1988D,1988R,1988Total,1992D,1992R,1992Total,1996D,1996R,1996Total,2000D,2000R,2000Total,2004D,2004R,2004Total,2008D,2008R,2008Total,2012D,2012R,2012Total,2016D,2016R,2016Total,Partisan Lean 2016,Partisan Lean 1976,Partisan Lean 1980,Partisan Lean 1984,Partisan Lean 1988,Partisan Lean 1992,Partisan Lean 1996,Partisan Lean 2000,Partisan Lean 2004,Partisan Lean 2008,Partisan Lean 2012,Partisan Lean 2020,Partisan Lean 2024,Partisan Lean 2028,Partisan Lean 2032,Partisan Lean 2036,Partisan Lean 2040,2040Total,1976Proportion,1980Proportion,1984Proportion,1988Proportion,1992Proportion,1996Proportion,2000Proportion,2004Proportion,2008Proportion,2012Proportion,2016Proportion,2020Proportion,2024Proportion,2028Proportion,2032Proportion,2036Proportion,2040Proportion,2020Total,2024Total,2028Total,2032Total,2036Total
0,Alachua,0.642051282051282,0.3579487179487179,44578,0.5753575357535753,0.42464246424642466,51364,0.46446446446446443,0.5355355355355355,57253,0.493427704752275,0.506572295247725,60213,0.6238993710691824,0.3761006289308176,76372,0.6131968145620023,0.3868031854379977,74516,0.5810526315789474,0.4189473684210526,85757,0.5666666666666667,0.4333333333333333,111328,0.6091370558375635,0.39086294416243655,125967,0.5881753312945974,0.4118246687054027,120773,0.6182396606574762,0.38176033934252385,130100,0.11555921030747618,0.141225668051282,-0.03808949724642474,-0.031476071535535555,0.11128880375227501,0.11337651434618234,0.16625022897800223,0.1727488290139474,0.10568225337266668,0.07458786522056349,0.04082269809659744,0.07654238734187047,0.06859588953306073,0.06066508077258348,0.052749899231599784,0.044850283446074,0.03696617231386057,198911.7142857143,0.014149437202945297,0.013931233992601507,0.01369672611571632,0.01399564462177731,0.014370885202270981,0.014049718915119455,0.014381591723587406,0.014629700810476069,0.014974461853976915,0.014221988694995084,0.01369122468267877,21480135.857142854,21522570.999999996,21565006.14285714,21607441.285714284,21649876.428571425,21692311.571428567,145867.7857142857,156476.57142857142,167085.35714285716,177694.14285714284,188302.92857142858
1,Baker,0.7385892116182573,0.2614107883817427,4195,0.5335365853658536,0.4664634146341463,4976,0.284,0.716,4866,0.2835671342685371,0.7164328657314629,4781,0.3659147869674185,0.6340852130325815,6756,0.38127090301003347,0.6187290969899666,6637,0.29867482161060144,0.7013251783893986,8155,0.21987951807228914,0.7801204819277109,9955,0.21169354838709678,0.7883064516129032,11087,0.20484359233097882,0.7951564076690212,11390,0.17008196721311478,0.8299180327868853,12705,-0.3325984831368852,0.23776359761825727,-0.07991044763414645,-0.211940536,-0.0985717667314629,-0.1446080697555815,-0.06567568257396655,-0.10962898095439855,-0.24110489522171083,-0.32285564222990326,-0.34250904086702116,-0.3956481222541015,-0.43725000377145307,-0.47876974924025717,-0.5202076823497634,-0.5615641248794248,-0.6028393967140744,19540.22619047619,0.001331528760068992,0.001349618805918252,0.001164100907883877,0.0011112745908145635,0.0012712735089632685,0.001251382044656823,0.0013676070817059283,0.0013081944485510318,0.0013179789831864065,0.0013412637860779645,0.0013370254388426885,2259286.9880952383,2263753.0833333335,2268219.1785714286,2272685.273809524,2277151.369047619,2281617.4642857146,13957.607142857143,15074.130952380952,16190.654761904763,17307.178571428572,18423.70238095238
2,Bay,0.5111561866125761,0.488843813387424,29484,0.3713692946058091,0.6286307053941909,34561,0.242,0.758,38744,0.2676767676767677,0.7323232323232324,43851,0.3597951344430218,0.6402048655569783,45689,0.37542662116040953,0.6245733788395904,51694,0.3282208588957055,0.6717791411042944,58876,0.28298086606243705,0.7170191339375629,75024,0.29453441295546556,0.7054655870445343,81366,0.27918781725888325,0.7208121827411168,80101,0.259453781512605,0.7405462184873949,88222,-0.24322666883739497,0.010330572612576083,-0.24207773839419094,-0.253940536,-0.1144621333232323,-0.15072772227997822,-0.07151996442359049,-0.08008294366929447,-0.17800354723156292,-0.24001477766153445,-0.26816481593911673,-0.27989703990685655,-0.30453791891939375,-0.32913014858336,-0.35367392062056524,-0.37816942562163547,-0.40261685305499384,132082.63095238095,0.00935847293489253,0.00937382949182892,0.009268788650853458,0.010192533378332865,0.008597278767173295,0.009746714391515716,0.009873603254753923,0.009858963365956062,0.009672470275633187,0.009432534725955314,0.009284144688357313,14169807.94047619,14197799.416666668,14225790.892857144,14253782.36904762,14281773.845238095,14309765.321428573,97093.28571428571,104091.15476190476,111089.02380952382,118086.89285714287,125084.76190476191
3,Bradford,0.6973684210526315,0.30263157894736836,5617,0.5463812436289501,0.45361875637105,6243,0.36200000000000004,0.638,6471,0.3614457831325301,0.6385542168674699,6636,0.453416149068323,0.546583850931677,8341,0.4537346711259755,0.5462653288740245,8248,0.3619631901840491,0.6380368098159509,8675,0.3005025125628141,0.6994974874371859,10855,0.2965587044534413,0.7034412955465588,11703,0.2878787878787879,0.7121212121212122,11664,0.24743326488706366,0.7525667351129363,12158,-0.25524718546293634,0.1965428070526315,-0.0670657893710499,-0.13394053599999994,-0.020693117867469857,-0.057106707654677014,0.006788085541975464,-0.046340612380950885,-0.1604819007311859,-0.23799048616355872,-0.2594738453192121,-0.31575711912702786,-0.35702452513262983,-0.3982104554563648,-0.43931523118504856,-0.4803391715110479,-0.5212825937474008,17454.440476190477,0.0017828836818373128,0.0016932616972161671,0.001548067606846808,0.0015424426238538891,0.0015695222525551544,0.0015551301950172483,0.001454811947737453,0.001426464162633998,0.00139120664203396,0.0013735294820731675,0.0012794612582014487,1636917.3452380951,1640146.5833333333,1643375.8214285714,1646605.0595238095,1649834.2976190476,1653063.5357142857,13417.892857142859,14225.202380952382,15032.511904761906,15839.82142857143,16647.130952380954
4,Brevard,0.5111788617886178,0.4888211382113821,92364,0.35927505330490406,0.6407249466950958,115636,0.265,0.735,139511,0.29061553985872857,0.7093844601412714,149159,0.4193548387096774,0.5806451612903226,195860,0.4774044032444959,0.522595596755504,195133,0.45790554414784396,0.542094455852156,218488,0.41893252769385697,0.581067472306143,265462,0.4478216818642351,0.5521783181357649,288927,0.43553299492385783,0.5644670050761421,286428,0.39662447257383965,0.6033755274261603,318141,-0.10605597777616033,0.010353247788617792,-0.254171979695096,-0.23094053599999997,-0.09152336114127141,-0.09116801801332264,0.03045781766049588,0.04960174158284397,-0.042051885600143,-0.08672750875276491,-0.11181963827414215,-0.09061519068045953,-0.09822110429834652,-0.10581200129517754,-0.11338794084981885,-0.12094898179197955,-0.12849518260499693,461826.7142857143,0.029317120952327143,0.03136344860151989,0.03337543809284578,0.03466986126151631,0.036854888908458526,0.03679161255386769,0.03664080147979949,0.03488457204432486,0.03434650614910245,0.03372919260041608,0.033479937830684904,47365688.85714286,47459216.0,47552743.14285714,47646270.28571428,47739797.42857143,47833324.571428575,344917.7857142857,368299.5714285714,391681.35714285716,415063.14285714284,438444.9285714285
5,Broward,0.5227963525835866,0.47720364741641336,342343,0.38907103825136613,0.6109289617486339,410561,0.433,0.5670000000000001,449226,0.49748743718592964,0.5025125628140703,440605,0.626360338573156,0.37363966142684407,533050,0.6917211328976035,0.30827886710239655,505098,0.6856561546286877,0.31434384537131227,575239,0.6497975708502024,0.35020242914979755,706872,0.67472306143001,0.3252769385699899,735091,0.675730110775428,0.32426988922457206,757354,0.6793422404933196,0.32065775950668035,837388,0.17666179014331962,0.021970738583586558,-0.2243759947486339,-0.06294053599999999,0.11534853618592966,0.11583748185015597,0.24477454731360349,0.2773523520636877,0.18881315755620243,0.14017387081301003,0.128377477577428,0.17832662198102156,0.17941034928010868,0.18049193693851695,0.18157139338833606,0.18264872701190882,0.18372394614222198,1170215.9761904762,0.1086625864858877,0.11135467173967112,0.10746904941328453,0.10241228635972616,0.1003037809284888,0.09523437818171945,0.09646853832905415,0.09289061037028276,0.08738472884725162,0.08918450337500358,0.08812349926655656,113902950.23809524,114127741.33333334,114352532.42857143,114577323.52380952,114802114.61904763,115026905.71428572,889227.107142857,945424.880952381,1001622.6547619047,1057820.4285714286,1114018.2023809524
6,Calhoun,0.6828774062816616,0.3171225937183384,3689,0.6046986721144024,0.3953013278855976,3884,0.345,0.655,3807,0.35418768920282545,0.6458123107971746,3784,0.49189189189189186,0.5081081081081081,4579,0.5106635071090048,0.4893364928909952,4158,0.42901234567901236,0.5709876543209876,5175,0.358948432760364,0.641051567239636,5963,0.2954314720812183,0.7045685279187818,6264,0.27589743589743587,0.724102564102564,6183,0.21079958463136034,0.7892004153686397,6128,-0.29188086571863964,0.18205179228166157,-0.008748360885597606,-0.15094053600000001,-0.027951211797174524,-0.018630964831108154,0.06371692152500474,0.02070854311401238,-0.102035980533636,-0.23911771853578173,-0.2714551973005641,-0.3293633812995438,-0.3781570833856449,-0.4268544503605085,-0.4754558618703584,-0.5239616953214465,-0.5723723258979021,8845.595238095239,0.001170920046697142,0.0010534404023686678,0.0009107546560447842,0.0008795363002807589,0.0008616283892159275,0.0007839756729972985,0.0008678561186791146,0.0007836025611963639,0.0007446396997095382,0.0007280978041545263,0.0006448872010411645,761907.5476190476,763409.1666666666,764910.7857142857,766412.4047619047,767914.0238095238,769415.6428571428,6968.571428571429,7343.976190476191,7719.380952380953,8094.785714285715,8470.190476190477
7,Charlotte,0.44771573604060916,0.5522842639593909,23333,0.3228511530398323,0.6771488469601677,31700,0.29100000000000004,0.7090000000000001,38793,0.35613682092555327,0.6438631790744467,45159,0.48488830486202367,0.5151116951379764,62064,0.49311926605504586,0.5068807339449541,63027,0.45529290853031856,0.5447070914696814,66900,0.43509127789046653,0.5649087221095336,79786,0.46348884381338745,0.5365111561866126,85499,0.4281376518218623,0.5718623481781376,84923,0.3568464730290456,0.6431535269709543,97187,-0.14583397732095438,-0.05310987795939087,-0.2905958799601677,-0.20494053599999995,-0.02600208007444671,-0.02563455186097635,0.046172680471045835,0.04698910596531858,-0.02589313540353344,-0.07106034680361256,-0.11921498137613767,-0.13235350057469475,-0.1527276838037892,-0.17306164157092496,-0.19335553240026115,-0.2136095138806695,-0.23382374267316663,136264.95238095237,0.007406093100998758,0.00859785292355478,0.009280510998672265,0.010496559139634988,0.011678555219108393,0.011883510038961216,0.011219241418286525,0.01048474156424838,0.010163785071115232,0.010000363872265055,0.010227586881133755,13480773.976190476,13507383.166666666,13533992.357142858,13560601.547619049,13587210.738095239,13613819.92857143,103003.46428571429,109655.76190476191,116308.05952380953,122960.35714285714,129612.65476190476
8,Citrus,0.5422177009155645,0.4577822990844354,17707,0.390625,0.609375,24430,0.335,0.665,31236,0.3661971830985915,0.6338028169014084,33474,0.49239280774550476,0.5076071922544951,44746,0.5223529411764706,0.4776470588235294,49600,0.4612202688728025,0.5387797311271976,57248,0.42525252525252527,0.5747474747474748,69467,0.4185336048879837,0.5814663951120163,76509,0.3894523326572008,0.6105476673427993,74169,0.2947916666666667,0.7052083333333333,80412,-0.2078887836833333,0.04139208691556451,-0.22282203300000003,-0.16094053599999997,-0.01594171790140847,-0.01813004897749526,0.07540635559247055,0.0529164663078025,-0.0357318880414747,-0.11601558572901632,-0.15790030054079918,-0.19717914411297954,-0.2290269030613814,-0.260811783866302,-0.29253403432366554,-0.32419390076741195,-0.35579162808105025,125012.13095238096,0.005620352742441392,0.006626042489666981,0.007472637887106614,0.007780549184883225,0.008419834877452697,0.009351898359948534,0.009600584943409074,0.00912871358689046,0.009095089205791357,0.008733994183460627,0.008462250262748388,13704366.44047619,13731443.916666668,13758521.392857144,13785598.86904762,13812676.345238095,13839753.821428573,91165.28571428571,97934.65476190476,104704.02380952382,111473.39285714287,118242.76190476191
9,Clay,0.4979674796747967,0.5020325203252032,17148,0.3278008298755187,0.6721991701244813,24122,0.203,0.797,27060,0.23069207622868604,0.769307923771314,33837,0.2865928659286593,0.7134071340713407,45485,0.3042071197411003,0.6957928802588996,47092,0.25940996948118006,0.7405900305188199,57559,0.23417085427135678,0.7658291457286432,81495,0.284561049445005,0.715438950554995,94723,0.268958543983822,0.7310414560161779,96805,0.2703549060542797,0.7296450939457202,107317,-0.23232554429572028,-0.002858134325203321,-0.28564620312448136,-0.292940536,-0.15144682477131394,-0.22392999079434073,-0.1427394658428997,-0.14889383308381993,-0.2268135590226432,-0.24998814117199503,-0.27839408921417796,-0.272910746936013,-0.28750129497198174,-0.3020630363790602,-0.31659608468105205,-0.3311005527319466,-0.3455765527212691,176598.59523809524,0.005442921377273677,0.006542504991229919,0.0064736067750385765,0.007864923306712485,0.008558892178092699,0.008879024144489846,0.009652740161362543,0.010709322610212589,0.01126029793671561,0.011399564601516888,0.011293629202698214,22571893.04761905,22616549.666666668,22661206.285714284,22705862.904761903,22750519.523809522,22795176.14285714,120777.82142857142,131941.97619047618,143106.13095238095,154270.2857142857,165434.44047619047
10,Collier,0.3744939271255061,0.6255060728744939,23710,0.24442082890541977,0.7555791710945802,33613,0.2122122122122122,0.7877877877877878,42691,0.24723618090452262,0.7527638190954774,51980,0.32830188679245287,0.6716981132075471,71944,0.3528114663726571,0.6471885336273429,72517,0.3312945973496432,0.6687054026503567,92202,0.34409687184661963,0.6559031281533805,128683,0.38647830474268413,0.6135216952573158,141988,0.34879032258064524,0.6512096774193549,149324,0.36683937823834195,0.633160621761658,172510,-0.13584107211165802,-0.12633168687449392,-0.36902620409458026,-0.2837283237877878,-0.13490272009547735,-0.18222096993054715,-0.09413511921134293,-0.07700920521535676,-0.11688754144738034,-0.14807088587431588,-0.19856231061735474,-0.15137383287471984,-0.15477787415902888,-0.15817519472566666,-0.16156582106025397,-0.16494977949214196,-0.16832709619565556,277015.97619047615,0.007525756114716519,0.009116707581055105,0.010213035729237688,0.012082002348994146,0.013537670415756866,0.013672814785652982,0.015462428957381976,0.016910335130375934,0.016878975364361098,0.017584097769298153,0.01815429031521072,35513456.73809524,35583718.83333333,35653980.928571425,35724243.02380952,35794505.11904762,35864767.21428571,189188.35714285716,206753.88095238095,224319.40476190473,241884.92857142858,259450.45238095237
11,Columbia,0.6285425101214575,0.3714574898785425,10766,0.5020576131687243,0.4979423868312758,11648,0.326,0.674,13075,0.34441087613293053,0.6555891238670695,11916,0.46019900497512434,0.5398009950248756,14954,0.4685714285714286,0.5314285714285715,16326,0.39157245632065774,0.6084275436793422,18514,0.32358870967741943,0.6764112903225806,24991,0.3292806484295846,0.6707193515704154,28215,0.3147773279352227,0.6852226720647773,27227,0.27141382868937053,0.7285861713106295,28864,-0.23126662166062945,0.12771689612145742,-0.1113894198312757,-0.16994053599999998,-0.03772802486706944,-0.05032385174787568,0.02162484298742856,-0.01673134624434225,-0.13739570361658054,-0.20526854218741541,-0.2325753052627773,-0.27489593055219075,-0.31103059013514667,-0.3470939077968751,-0.3830861646881658,-0.41900764030091864,-0.4548586124815017,46499.41666666667,0.003417220174231887,0.003159236304528899,0.0031279530149160894,0.002769702577734018,0.0028138875152511423,0.0030782075125911244,0.0031048286340531646,0.0032840871384971207,0.0033540883025709803,0.003206197462997782,0.0030375365814053804,5351533.583333334,5362111.916666667,5372690.25,5383268.583333334,5393846.916666667,5404425.25,33276.5,35921.083333333336,38565.66666666667,41210.25,43854.833333333336
12,DeSoto,0.5756646216768916,0.4243353783231084,4822,0.44720496894409945,0.5527950310559007,6285,0.3233233233233233,0.6766766766766766,7129,0.33937562940584093,0.6606243705941591,6464,0.4629388816644993,0.5370611183355005,7429,0.49596309111880044,0.5040369088811996,7492,0.4381443298969072,0.5618556701030928,7812,0.41431451612903225,0.5856854838709677,9510,0.43756345177664974,0.5624365482233502,10164,0.4275582573454914,0.5724417426545086,9887,0.35810113519091846,0.6418988648090815,10903,-0.1445793151590815,0.07483900767689156,-0.16624206405590058,-0.17261721267667668,-0.04276327159415905,-0.047583975058500705,0.049016505534800414,0.02984052733190723,-0.04666989716496772,-0.09698573884035028,-0.11979437585250857,-0.13711037389747105,-0.15580166343086432,-0.17445605009814358,-0.19307367932945851,-0.21165469569696427,-0.23019924292157157,14710.380952380952,0.0015305439048993274,0.0017046531742757665,0.0017054819918422028,0.0015024637011138546,0.001397911619018372,0.001412589163563194,0.0013100854104582114,0.0012497166454766761,0.0012082563709846339,0.0011642734901626721,0.0011473898748289519,1282239.6904761905,1284767.1666666667,1287294.6428571427,1289822.119047619,1292349.5952380951,1294877.0714285714,11551.035714285714,12182.904761904763,12814.77380952381,13446.642857142857,14078.511904761905
13,Dixie,0.7951564076690212,0.20484359233097882,2752,0.6459183673469387,0.35408163265306125,3173,0.35700000000000004,0.643,3428,0.402,0.598,3397,0.5698924731182795,0.4301075268817204,4373,0.5533980582524272,0.44660194174757273,3800,0.40350877192982454,0.5964912280701754,4667,0.3064516129032258,0.6935483870967742,6442,0.27049180327868855,0.7295081967213115,7293,0.2621951219512195,0.7378048780487805,6959,0.17893660531697342,0.8210633946830266,7246,-0.32374384503302656,0.29433079366902115,0.03247133434693872,-0.13894053599999995,0.01986109900000005,0.05936961639527949,0.10645147266842714,-0.004795030635175446,-0.15453280039077416,-0.26405738733831147,-0.28515751124678046,-0.39345502093530627,-0.45695021835194893,-0.5203200549813687,-0.5835650248567958,-0.6466856190966155,-0.7096823259276164,11417.440476190477,0.0008735082592872147,0.0008605989692883066,0.0008200858841401419,0.0007895837241156813,0.0008228654610266983,0.0007164760840283151,0.0007826636726329329,0.0008465483312471869,0.0008669631752844288,0.0008194780234694078,0.0007625412302128391,1256259.8452380951,1258742.0833333333,1261224.3214285714,1263706.5595238095,1266188.7976190476,1268671.0357142857,8314.642857142857,8935.202380952382,9555.761904761905,10176.32142857143,10796.880952380952
14,Duval,0.5852674066599395,0.4147325933400606,182561,0.47830578512396693,0.5216942148760331,195554,0.376,0.624,206249,0.36884422110552767,0.6311557788944724,203979,0.4270833333333333,0.5729166666666666,249926,0.4692144373673036,0.5307855626326964,254123,0.4144602851323829,0.5855397148676171,265181,0.4185110663983903,0.5814889336016096,381061,0.4904137235116045,0.5095862764883956,416693,0.48181818181818187,0.5181818181818182,412733,0.49267782426778245,0.5073221757322176,436573,-0.010002626082217525,0.08444179265993945,-0.1351412478760331,-0.11994053599999999,-0.013294679894472305,-0.0834395233896667,0.022267851783303594,0.006156482567382937,-0.042473346895609665,-0.04413546710539551,-0.06553445137981811,-0.03602271145643687,-0.03761561124199808,-0.039205366109846373,-0.04079198845375931,-0.04237549059439161,-0.043955884779856014,671997.1785714286,0.0579464176321705,0.053039259640783334,0.04934127582205954,0.04741198070691568,0.04702846403214237,0.04791396102671777,0.044471295344434066,0.05007552835352132,0.049534826052213696,0.04860261863207344,0.04594326697456663,73408195.96428572,73553233.25,73698270.53571428,73843307.82142857,73988345.10714287,74133382.39285715,490700.5714285714,526959.8928571428,563219.2142857143,599478.5357142857,635737.8571428572
15,Escambia,0.4797570850202429,0.520242914979757,80715,0.3925233644859813,0.6074766355140188,88559,0.287,0.713,93549,0.31589537223340036,0.6841046277665995,95460,0.37794299876084264,0.6220570012391574,105221,0.3831877729257642,0.6168122270742359,107925,0.3592630501535312,0.6407369498464688,116856,0.34040404040404043,0.6595959595959595,143278,0.40283400809716596,0.597165991902834,154874,0.3961499493414387,0.6038500506585613,148967,0.39304531085353,0.60695468914647,154172,-0.10963513949646997,-0.02106852897975714,-0.22092366851401873,-0.208940536,-0.06624352876659961,-0.13257985796215738,-0.0637588126582358,-0.04904075241146877,-0.12058037288995954,-0.13171518251983405,-0.15120268385656127,-0.13898038761083953,-0.14690231186298064,-0.15480859558322635,-0.162699300409205,-0.1705744876148927,-0.17843421811348392,218479.10714285716,0.025619629051005646,0.024019471831453875,0.022379875838805754,0.022188302120719147,0.019799388674751936,0.02034886351809366,0.01959694581726891,0.01882827566042137,0.018410812396681835,0.017542058158092726,0.016224469575541516,19251192.17857143,19289143.75,19327095.32142857,19365046.89285714,19402998.464285716,19440950.035714287,171039.64285714284,180527.5357142857,190015.42857142858,199503.32142857142,208991.2142857143
16,Flagler,0.622983870967742,0.3770161290322581,3373,0.4636929460580913,0.5363070539419087,5600,0.379,0.621,7914,0.39518555667001004,0.60481444332999,10782,0.5170670037926676,0.48293299620733254,16355,0.5377677564825254,0.4622322435174746,20079,0.5245398773006135,0.47546012269938653,27116,0.486404833836858,0.513595166163142,38480,0.5075834175935288,0.4924165824064712,49217,0.4626262626262626,0.5373737373737374,50707,0.3941908713692946,0.6058091286307054,57987,-0.10848957898070538,0.12215825696774196,-0.14975408694190873,-0.11694053599999998,0.013046655670010066,0.00654414706966755,0.09082117089852537,0.11623607473561348,0.025420420542858035,-0.02696577302347125,-0.08472637057173737,-0.08934541080282088,-0.10994860681830687,-0.13051112522386177,-0.15103312632554378,-0.17151476948356503,-0.1919562131198802,101807.55952380953,0.0010706189529708485,0.001518863607946586,0.0018932787885312377,0.002506120610366581,0.0030775130608487653,0.0037858219187380366,0.004547398360213116,0.005056687331013933,0.005850723515422149,0.005971155645360434,0.006102329328781659,14453615.154761905,14482232.916666668,14510850.67857143,14539468.44047619,14568086.202380953,14596703.964285715,66035.35714285714,73189.79761904762,80344.23809523809,87498.67857142857,94653.11904761904
17,Franklin,0.6377551020408163,0.3622448979591837,2973,0.5406797116374872,0.45932028836251293,3382,0.33,0.67,3308,0.40122824974411464,0.5987717502558854,3269,0.4794520547945205,0.5205479452054794,4380,0.5730337078651686,0.4269662921348315,4570,0.4551083591331269,0.544891640866873,4645,0.4090909090909091,0.5909090909090909,5931,0.35873983739837395,0.641260162601626,6049,0.34077079107505076,0.6592292089249493,5494,0.2972136222910217,0.7027863777089783,6059,-0.20546682805897826,0.13692948804081628,-0.07276732136251285,-0.16594053599999997,0.019089348744114665,-0.031070801928479497,0.12608712228116858,0.04680455656812693,-0.05189350420309086,-0.17580935321862606,-0.20658184212294922,-0.24412176279267328,-0.2847992498428482,-0.32539642590876383,-0.3659136074873004,-0.406351109207975,-0.44670924384774935,8535.559523809523,0.0009436555431907302,0.0009172851289420274,0.0007913780935634742,0.0007598319676579813,0.0008241826479069148,0.0008616567642130001,0.0007789742359931377,0.0007793974158067472,0.0007190813447546291,0.0006469625321081947,0.0006376259058597284,744618.1547619047,746085.9166666666,747553.6785714286,749021.4404761905,750489.2023809524,751956.9642857143,6700.857142857143,7067.797619047618,7434.738095238095,7801.678571428572,8168.619047619048
18,Gadsden,0.6579212916246217,0.3420787083753784,10431,0.6888433981576254,0.31115660184237465,12225,0.56,0.44,13212,0.5157680569684638,0.48423194303153605,12577,0.6812933025404158,0.31870669745958435,14394,0.71137339055794,0.2886266094420601,14199,0.6710659898477157,0.32893401015228424,14731,0.7005025125628142,0.29949748743718596,20984,0.6958710976837865,0.3041289023162135,22538,0.704225352112676,0.29577464788732394,22525,0.6905005107252298,0.3094994892747702,22214,0.1878200603752298,0.15709567762462162,0.07539636515762538,0.06405946400000007,0.13362915596846386,0.17077044581741574,0.26442680497394,0.2627621872827157,0.23951809926881418,0.1613219070667865,0.15687271891467602,0.19605701422076172,0.1958179033086811,0.19557926448163043,0.19534109587917392,0.19510339565185253,0.19486616196109652,33783.916666666664,0.0033108883185410383,0.0033157335012762522,0.0031607277424911184,0.00292334250756636,0.00270851256483382,0.00267716945187317,0.0024704132336738236,0.0027575240892410697,0.0026792288556918217,0.0026524992784377655,0.002337716103774221,3362406.583333333,3369043.9166666665,3375681.25,3382318.583333333,3388955.9166666665,3395593.25,25487.25,27146.583333333332,28805.916666666664,30465.25,32124.583333333332
19,Gilchrist,0.7741935483870969,0.22580645161290325,2354,0.5985626283367556,0.40143737166324434,2793,0.33799999999999997,0.662,3108,0.37965760322255787,0.6203423967774421,3012,0.5200553250345781,0.4799446749654218,4017,0.5061124694376528,0.4938875305623472,4795,0.36645962732919257,0.6335403726708075,5395,0.2903225806451613,0.7096774193548387,7015,0.2607361963190184,0.7392638036809815,7819,0.24134419551934824,0.7586558044806517,7937,0.17768595041322313,0.8223140495867768,8472,-0.32499449993677687,0.27336793438709683,-0.014884404663244477,-0.15794053600000002,-0.002481297777442104,0.009532468311578057,0.059165883853652734,-0.04184417523580741,-0.17066183264883866,-0.2738129942979816,-0.3060084376786517,-0.3962889825549212,-0.4547667630239687,-0.513129088767414,-0.5713764147797633,-0.6295091933710637,-0.6875278741881914,13806.130952380952,0.0007471796665559969,0.0007575332244633597,0.0007435317759356946,0.0007000960191452552,0.0007558770996899718,0.0009040796902409924,0.0009047504850770673,0.0009218467158800088,0.0009294919878717879,0.000934645361729658,0.0008915607648858919,1649937.9404761905,1653200.4166666667,1656462.8928571427,1659725.369047619,1662987.8452380951,1666250.3214285714,9728.035714285714,10543.654761904761,11359.27380952381,12174.892857142857,12990.511904761905
20,Glades,0.6771573604060914,0.32284263959390863,1965,0.5228215767634854,0.4771784232365145,2389,0.35,0.65,3057,0.4006024096385542,0.5993975903614458,2593,0.5243902439024389,0.4756097560975609,3374,0.5290628706998813,0.4709371293001186,3431,0.4395491803278689,0.5604508196721312,3365,0.41289023162134947,0.5871097683786506,4188,0.3981762917933131,0.601823708206687,4261,0.40609137055837563,0.5939086294416244,4004,0.297741273100616,0.702258726899384,4382,-0.20493917724938399,0.1763317464060914,-0.09062545623651463,-0.145940536,0.018463508638554227,0.013867387179438917,0.08211628511588132,0.031245377762868898,-0.048094181672650504,-0.13637289882368692,-0.14126126263962435,-0.2121412405740557,-0.24834908188748273,-0.2844854367944549,-0.32055058701510575,-0.35654481260746707,-0.39246839198051475,5846.97619047619,0.0006237077505448317,0.0006479580641757846,0.0007313309649406108,0.0006027055038657527,0.0006348840762643677,0.0006469024853424077,0.000564316104223231,0.0005503484028660694,0.0005065309323854314,0.00047150309038245566,0.0004611448621022165,459250.73809523805,460154.8333333333,461058.9285714285,461963.0238095238,462867.119047619,463771.21428571426,4716.857142857143,4942.880952380952,5168.9047619047615,5394.928571428571,5620.952380952381
21,Gulf,0.6251266464032421,0.37487335359675783,4281,0.5591836734693877,0.44081632653061226,4926,0.33299999999999996,0.667,5357,0.35670103092783506,0.6432989690721649,4872,0.4221938775510204,0.5778061224489796,5854,0.5048780487804878,0.4951219512195122,5992,0.40289256198347106,0.5971074380165289,6148,0.33400605449041376,0.6659939455095863,7277,0.3016194331983806,0.6983805668016194,7218,0.2876016260162602,0.7123983739837398,7126,0.24428274428274427,0.7557172557172557,7331,-0.2583977060672557,0.12430103240324208,-0.05426335953061234,-0.16294053600000002,-0.025437870072164914,-0.08832897917197963,0.05793146319648779,-0.00541124058152892,-0.1269783588035862,-0.23292975741861943,-0.25975100718173977,-0.3032060712836824,-0.34422054712700856,-0.38515404665739084,-0.42600688899358374,-0.46677939137165936,-0.507471869159815,9686.892857142857,0.0013588258931717173,0.0013360575237044432,0.0012815636176600757,0.0011324262301712097,0.0011015445709696527,0.0011297696567099116,0.0010310298391573327,0.0009562763437574945,0.0008580474700676001,0.0008391436119044403,0.000771486303987072,687428.3214285714,688779.7499999999,690131.1785714285,691482.607142857,692834.0357142857,694185.4642857142,7997.607142857142,8335.464285714286,8673.321428571428,9011.17857142857,9349.035714285714
22,Hamilton,0.7212435233160621,0.2787564766839378,2951,0.5961342828077314,0.40386571719226855,3280,0.42200000000000004,0.578,3322,0.38994974874371857,0.6100502512562814,3396,0.5363748458692972,0.4636251541307029,3725,0.5327313769751694,0.4672686230248307,3673,0.4451282051282051,0.5548717948717948,3966,0.4472361809045226,0.5527638190954773,5079,0.4262626262626263,0.5737373737373737,5596,0.41515151515151516,0.5848484848484848,5420,0.3562628336755647,0.6437371663244353,5491,-0.14641761667443526,0.2204179093160621,-0.017312750192268633,-0.07394053599999995,0.007810847743718596,0.02585198914629716,0.08578479139116935,0.03682440256320513,-0.013748232389477366,-0.10828656435437373,-0.13220111804648482,-0.1640530804721294,-0.1935248560911873,-0.22293844455367662,-0.2522940751688765,-0.28159197589309315,-0.3108323733404603,7938.5952380952385,0.0009366725556528236,0.0008896201132258574,0.0007947273357974187,0.0007893512885183556,0.0007009315898295109,0.0006925306991147373,0.00066510480515582,0.000667435419808206,0.0006652304852449834,0.0006382484390291982,0.000577851765815443,724892.5476190476,726322.1666666666,727751.7857142857,729181.4047619047,730611.0238095238,732040.6428571428,6151.571428571429,6508.976190476191,6866.380952380952,7223.785714285715,7581.190476190476
23,Hardee,0.5493697478991597,0.4506302521008404,5107,0.4994871794871795,0.5005128205128205,5332,0.27899999999999997,0.721,5498,0.31702344546381245,0.6829765545361876,5436,0.41045751633986927,0.5895424836601307,6433,0.4518002322880372,0.5481997677119629,6206,0.3836734693877551,0.6163265306122448,6236,0.2980866062437059,0.701913393756294,7249,0.350253807106599,0.649746192893401,7442,0.3441295546558705,0.6558704453441295,7244,0.29058945191313346,0.7094105480868667,7645,-0.21209099843686652,0.04854413389915968,-0.11395985351282051,-0.21694053600000002,-0.06511545553618753,-0.10006534038313075,0.004853646704037151,-0.02463033317724489,-0.16289780705029405,-0.18429538351040103,-0.2032230785421295,-0.23850437135581615,-0.26501051972493883,-0.29146433607901656,-0.317866026652851,-0.34421579646441103,-0.3705138493245528,9477.690476190477,0.0016210053343676618,0.0014461751352805707,0.0013152952715876605,0.0012635199070629508,0.0012104947429189914,0.00117011857302098,0.0010457875857165138,0.00095259684154158,0.0008846757096485287,0.0008530390576250022,0.0008045304588707086,588328.0952380953,589482.3333333334,590636.5714285714,591790.8095238095,592945.0476190476,594099.2857142857,8034.892857142857,8323.452380952382,8612.011904761905,8900.571428571428,9189.130952380952
24,Hendry,0.5590631364562119,0.4409368635437882,4254,0.48503611971104227,0.5149638802889577,5414,0.308,0.6920000000000001,6542,0.33903420523138833,0.6609657947686116,6035,0.45100671140939597,0.548993288590604,8016,0.5022988505747127,0.4977011494252873,8899,0.4057084607543323,0.5942915392456677,8139,0.4074446680080483,0.5925553319919517,9775,0.46403242147923,0.53596757852077,10917,0.47017189079878663,0.5298281092012133,10215,0.4270941054808687,0.5729058945191314,11182,-0.0755863448691313,0.05823752245621183,-0.12841091328895776,-0.187940536,-0.043104695768611645,-0.05951614531360405,0.05535226499071266,-0.002595341810667673,-0.05353974528595168,-0.07051676913777,-0.07718074239921335,-0.08050548793961099,-0.08926267738459615,-0.09800257720442573,-0.10672525553562906,-0.11543078011272456,-0.12411921827143146,15335.142857142857,0.0013502558630115594,0.0014684156381112171,0.0015650530496046698,0.0014027488298610942,0.001508367147402244,0.0016778738609915728,0.0013649238550588047,0.0012845405057344385,0.0012977700513615946,0.001202898118945251,0.0011767507640408456,1321957.5714285716,1324563.0000000002,1327168.4285714286,1329773.8571428573,1332379.285714286,1334984.7142857146,12078.357142857143,12729.714285714286,13381.071428571428,14032.428571428572,14683.785714285714
25,Hernando,0.5711382113821138,0.4288617886178862,13732,0.4222689075630252,0.5777310924369747,22032,0.3643643643643643,0.6356356356356356,33487,0.4215291750503018,0.5784708249496981,36863,0.5171957671957672,0.48280423280423285,49086,0.563719862227325,0.4362801377726751,58066,0.5154639175257731,0.4845360824742268,65236,0.46619576185671047,0.5338042381432896,80547,0.48223350253807107,0.5177664974619289,88257,0.4574036511156187,0.5425963488843814,83928,0.35036496350364965,0.6496350364963503,94651,-0.15231548684635032,0.07031259738211382,-0.19117812543697482,-0.13157617163563567,0.03939027405030182,0.006672910472767191,0.11677327664332493,0.10716011496077316,0.005211348562710494,-0.052315688078928946,-0.08994898208238128,-0.13222196451958723,-0.16087585801976445,-0.18947317913664108,-0.21801415081580444,-0.24649899468749936,-0.2749279310770021,147005.38095238095,0.004358653857751465,0.005975643394692711,0.008011148192007272,0.0085682734242203,0.009236490743186944,0.01094813165662846,0.010940185846985646,0.010584745178045198,0.010491645270955413,0.009883194647756928,0.009960707974175467,16496144.19047619,16528744.666666668,16561345.142857144,16593945.61904762,16626546.095238095,16659146.571428573,106254.78571428571,114404.90476190476,122555.02380952382,130705.14285714287,138855.2619047619
26,Highlands,0.4645748987854251,0.5354251012145749,15733,0.35884177869700107,0.6411582213029989,19249,0.305,0.695,23694,0.3256281407035176,0.6743718592964824,24941,0.43647798742138366,0.5635220125786163,32391,0.47742663656884876,0.5225733634311512,33714,0.4120654396728016,0.5879345603271984,35152,0.3722334004024145,0.6277665995975855,41496,0.4089068825910931,0.5910931174089069,44922,0.38422649140546006,0.6157735085945399,42541,0.3357438016528926,0.6642561983471075,46011,-0.1669366486971074,-0.0362507152145749,-0.25460525430299896,-0.190940536,-0.05651076029648239,-0.07404486930161636,0.03048005098484874,0.003761637107801641,-0.08875101289158549,-0.12564230802590692,-0.16312614179253992,-0.1749817553146613,-0.19592805618300702,-0.21683300203751799,-0.23769675585384675,-0.2585194796460115,-0.27930133447414107,64586.19047619048,0.004993788315176508,0.0052208224266721125,0.005668353249363046,0.005797176232902328,0.00609500003387052,0.006356651236034373,0.00589504894373106,0.005453022283985295,0.005340150796671756,0.00500954369829172,0.004842021052073274,5753220.095238095,5764563.333333334,5775906.571428572,5787249.80952381,5798593.047619048,5809936.285714286,50407.142857142855,53242.95238095238,56078.76190476191,58914.571428571435,61750.380952380954
27,Hillsborough,0.5465587044534413,0.4534412955465587,175145,0.45406546990496305,0.545934530095037,205314,0.353,0.647,244208,0.39738430583501005,0.60261569416499,250716,0.4684343434343434,0.5315656565656566,310502,0.5137211855104281,0.4862788144895719,308271,0.48406988694758474,0.5159301130524152,360354,0.46572580645161293,0.5342741935483871,463222,0.5363636363636364,0.4636363636363636,514501,0.5339412360688957,0.46605876393110435,543429,0.5357142857142857,0.4642857142857143,603890,0.033033835364285724,0.045733090453441316,-0.15938156309503698,-0.142940536,0.015245404835010079,-0.04208851328865659,0.06677459992642809,0.07576608438258475,0.004741393157612961,0.0018144457466363617,-0.01341139712910433,0.01787618978382019,0.01790747234844757,0.01793869315081438,0.017969852434318964,0.018000950440923605,0.018031987411165976,912276.1547619046,0.055592516014847104,0.05568642192891881,0.058422267676223966,0.05827532321913075,0.058427022954427595,0.05812336813144545,0.060431965949853846,0.0608723705521553,0.06116185666351487,0.06399312010575611,0.06355106590025275,104995281.70238094,105202825.08333333,105410368.4642857,105617911.84523809,105825455.22619046,106032998.60714285,652846.9285714286,704732.7738095238,756618.6190476189,808504.4642857143,860390.3095238095
28,Holmes,0.6379310344827587,0.36206896551724144,5180,0.46201232032854206,0.5379876796714579,6146,0.213,0.787,5779,0.27967806841046283,0.7203219315895373,5900,0.3701799485861183,0.6298200514138818,6528,0.4156479217603912,0.5843520782396088,6804,0.30246913580246915,0.697530864197531,7396,0.2199798183652876,0.7800201816347124,8300,0.17073170731707318,0.8292682926829268,8616,0.15400202634245186,0.8459979736575481,8290,0.10256410256410256,0.8974358974358975,8556,-0.40011634778589744,0.13710542048275864,-0.15143471267145797,-0.282940536,-0.10246083258953714,-0.14034290813688172,-0.0312986638236088,-0.10583466676253084,-0.24100459492871237,-0.3638174832999268,-0.3933506068555481,-0.4614329589472561,-0.5142271823370947,-0.5669171722466899,-0.6195033394488689,-0.6719860922928262,-0.7243658367235071,11364.809523809523,0.0016441761566525336,0.001666952809721378,0.0013825193478546908,0.0013713700242221137,0.001228370850579073,0.0012828692830864886,0.0012403215176329915,0.0010907095854317994,0.0010242362153092882,0.0009762139408767625,0.000900400602498075,817155.9047619047,818762.6666666666,820369.4285714286,821976.1904761905,823582.9523809524,825189.7142857143,9356.357142857143,9758.047619047618,10159.738095238095,10561.428571428572,10963.119047619048
29,Indian River,0.46435845213849286,0.5356415478615071,18654,0.33262711864406774,0.6673728813559322,24717,0.26899999999999996,0.731,32452,0.2980866062437059,0.701913393756294,35333,0.39245810055865926,0.6075418994413408,43962,0.4184476940382452,0.5815523059617548,43972,0.40820512820512816,0.5917948717948718,49627,0.3935418768920283,0.6064581231079718,61414,0.425531914893617,0.574468085106383,70802,0.3874873864783048,0.6125126135216953,71580,0.3742203742203742,0.6257796257796258,80769,-0.1284600761296258,-0.03646716186150717,-0.2808199143559323,-0.22694053600000003,-0.08405229475629405,-0.11806475616434076,-0.0284988915457548,-9.867435987181983e-05,-0.06744253640197168,-0.10901727572338299,-0.1598652467196952,-0.13107953656234628,-0.14082405012053556,-0.15054932474507154,-0.1602554362544879,-0.16994246002000324,-0.17961047096905247,119205.95238095238,0.005920938615095822,0.0067038842495742434,0.007763543498283514,0.008212646960311855,0.008272309946868445,0.008290759570235019,0.008322530551050903,0.008070462467434763,0.008416663476825468,0.008429118683710334,0.008499819572600166,13215973.976190476,13242089.166666666,13268204.357142858,13294319.547619049,13320434.738095239,13346549.92857143,86561.96428571429,93090.76190476191,99619.55952380953,106148.35714285714,112677.15476190476
30,Jackson,0.6160081053698075,0.3839918946301925,12652,0.5437881873727088,0.45621181262729127,14181,0.353,0.647,14051,0.3736153071500503,0.6263846928499496,13513,0.44951923076923084,0.5504807692307693,14676,0.4815229563269877,0.5184770436730123,15513,0.4287169042769857,0.5712830957230143,16303,0.3836858006042296,0.6163141993957704,19807,0.35858585858585856,0.6414141414141414,21613,0.35353535353535354,0.6464646464646465,20967,0.3094262295081967,0.6905737704918032,21159,-0.19325422084180327,0.11518249136980752,-0.06965884562729119,-0.142940536,-0.008523593849949662,-0.06100362595376918,0.034576370742987694,0.020413101711985737,-0.0772986126897704,-0.17596333203114145,-0.19381727966264645,-0.22519936669463902,-0.25684226895711504,-0.2884226975318427,-0.3199408986207999,-0.35139711697341625,-0.382791595898027,30020.29761904762,0.004015852651345146,0.003846250861480453,0.003361443044939654,0.0031409022266632915,0.0027615763791511145,0.0029249193398766453,0.0027340402517537403,0.002602853585379235,0.002569268491350934,0.0024690322917205166,0.002226691952811684,2580052.273809524,2585137.083333333,2590221.8928571427,2595306.7023809524,2600391.5119047617,2605476.3214285714,23664.285714285717,24935.488095238095,26206.690476190477,27477.89285714286,28749.09523809524
31,Jefferson,0.6292134831460674,0.37078651685393255,3749,0.5933609958506224,0.4066390041493776,4141,0.478,0.522,4302,0.4688755020080322,0.5311244979919679,4398,0.6009913258983891,0.39900867410161095,4678,0.5787746170678336,0.42122538293216627,4809,0.5511247443762781,0.4488752556237219,5643,0.556338028169014,0.4436619718309859,7478,0.5182186234817814,0.48178137651821856,7978,0.508577194752775,0.4914228052472251,7820,0.4742798353909465,0.5257201646090535,7689,-0.028400614959053494,0.12838786914606737,-0.020086037149377622,-0.017940536000000007,0.08673660100803221,0.09046846917538909,0.1318280314838336,0.14282094181127813,0.09535361487501404,-0.016330567135218632,-0.03877543844522502,-0.04572625718522261,-0.06861593634242524,-0.0914604236061507,-0.11425989707274198,-0.13701453378772044,-0.15972450975426966,11976.45238095238,0.0011899645581641598,0.001123145392947645,0.0010291742921735385,0.0010222517570387891,0.0008802571750932757,0.0009067193389716231,0.0009463404981074867,0.0009826899132360236,0.0009483932829314649,0.0009208676740236772,0.0008091608500008998,1208149.4761904762,1210534.6666666665,1212919.857142857,1215305.0476190476,1217690.238095238,1220075.4285714284,8994.964285714286,9591.261904761905,10187.559523809523,10783.857142857143,11380.154761904761
32,Lafayette,0.6828282828282828,0.31717171717171716,1665,0.5651731160896131,0.434826883910387,1863,0.363,0.637,2375,0.3319919517102615,0.6680080482897385,2185,0.45490716180371343,0.5450928381962864,2525,0.41559953434225844,0.5844004656577415,2322,0.32077393075356414,0.6792260692464358,2505,0.255533199195171,0.744466800804829,3325,0.19328585961342828,0.8067141403865717,3377,0.2050761421319797,0.7949238578680202,3406,0.15573770491803277,0.8442622950819672,3411,-0.34694274543196724,0.18200266882828275,-0.04827391691038696,-0.132940536,-0.05014694928973845,-0.055615694919286585,-0.031347051241741586,-0.08752987181143584,-0.205451214098829,-0.34126333100357176,-0.3422764910660203,-0.42590521674111415,-0.4796219361619478,-0.5332326007863912,-0.5867376285648618,-0.6401374349818525,-0.693432433075543,4801.452380952381,0.0005284851932097429,0.000505293375286516,0.0005681750218298824,0.0005078717801568336,0.0004751281246495342,0.000437804596608881,0.00042009267194032505,0.0004369408881398474,0.00040144448689640973,0.000401083797662998,0.0003589605487518623,410108.9761904762,410917.1666666667,411725.35714285716,412533.54761904763,413341.7380952381,414149.9285714286,3791.2142857142853,3993.2619047619046,4195.309523809523,4397.357142857143,4599.4047619047615
33,Lake,0.41843971631205673,0.5815602836879433,34787,0.3288241415192508,0.6711758584807492,41528,0.257,0.743,47543,0.30978809283551967,0.6902119071644803,54572,0.4289405684754522,0.5710594315245477,69787,0.4583808437856329,0.5416191562143672,73923,0.4227226202661208,0.5772773797338793,88611,0.3933265925176946,0.6066734074823054,123950,0.43174924165824063,0.5682507583417593,147371,0.41354903943377147,0.5864509605662285,151144,0.380853277835588,0.6191467221644121,171799,-0.121827172514412,-0.0823858976879433,-0.2846228914807492,-0.23894053599999998,-0.0723508081644803,-0.08158228824754782,0.011434258201632852,0.0144188177011208,-0.06765782077630539,-0.10279994895875938,-0.1338035937642285,-0.12427498715365459,-0.13641729153710713,-0.14853562294467082,-0.16063007585124467,-0.17270074417432113,-0.18474772127839145,277871.3095238095,0.011041690340052448,0.01126345855550104,0.01137378739488762,0.012684475417262574,0.01313178868709586,0.013937910936743458,0.01486021227676812,0.016288367845092955,0.017518885246790288,0.017798417355835632,0.018079467403993313,35694684.9047619,35765306.666666664,35835928.42857143,35906550.190476194,35977171.952380955,36047793.71428572,189594.10714285716,207249.54761904763,224904.9880952381,242560.42857142858,260215.86904761905
34,Lee,0.44557477110885046,0.5544252288911495,69789,0.31528662420382164,0.6847133757961783,94613,0.261,0.7390000000000001,115076,0.31822759315206445,0.6817724068479355,128936,0.42222222222222217,0.5777777777777778,166002,0.4484711211778029,0.551528878822197,165951,0.40923076923076923,0.5907692307692308,184400,0.39433771486349845,0.6056622851365014,240667,0.44747474747474747,0.5525252525252525,269977,0.4167507568113017,0.5832492431886983,266598,0.39479166666666665,0.6052083333333333,329554,-0.10788878368333332,-0.055250842891149565,-0.2981604087961784,-0.23494053599999998,-0.06391130784793553,-0.08830063450077785,0.0015245355938028893,0.0009269666657692466,-0.06664669843050153,-0.08707444314225254,-0.1306018763866983,-0.11318684637524257,-0.123217952781431,-0.13322925442368927,-0.14322082935042602,-0.15319275514958264,-0.1631451089522571,476375.9166666666,0.02215162351286171,0.025661471881901845,0.02752981423667181,0.029969316176797024,0.03123652235567207,0.031289453321206036,0.030924187108102172,0.031626241421339144,0.03209380463098371,0.0313940511712742,0.03468099814815925,54821089.08333333,54929453.416666664,55037817.75,55146182.08333333,55254546.416666664,55362910.75,340920.5,368011.5833333333,395102.6666666666,422193.75,449284.8333333333
35,Leon,0.5478615071283096,0.45213849287169044,53443,0.5327604726100967,0.4672395273899034,57326,0.4494494494494494,0.5505505505505505,66046,0.4813319878910192,0.5186680121089808,70158,0.598780487804878,0.4012195121951219,97294,0.5960698689956332,0.4039301310043668,91717,0.6112820512820513,0.3887179487179487,103154,0.6193353474320242,0.3806646525679758,136379,0.6222222222222222,0.37777777777777777,148935,0.6196754563894524,0.3803245436105477,148671,0.630801687763713,0.3691983122362869,153881,0.12812123741371306,0.04703589312830958,-0.0806865603899033,-0.046491086550550564,0.09919308689101924,0.08825763108187801,0.14912328341163317,0.20297824871705128,0.15835093413802426,0.08767303160522222,0.07232282319145245,0.11766639421378677,0.11643323448013909,0.11520250941684917,0.11397420942914582,0.11274832497886678,0.11152484658401018,237277.64285714284,0.01696326377219717,0.01554828128377607,0.01580028947022165,0.016307216637182213,0.018307768617683875,0.017292904473374993,0.01729909759733824,0.01792167259657872,0.017704807419578555,0.01750720178577674,0.016193845852385026,25260336.57142857,25310233.0,25360129.42857143,25410025.85714286,25459922.285714284,25509818.714285713,174907.10714285716,187381.2142857143,199855.32142857142,212329.42857142858,224803.53571428574
36,Levy,0.6718106995884774,0.32818930041152267,6166,0.5648148148148149,0.43518518518518523,7596,0.358,0.642,8664,0.3953488372093023,0.6046511627906976,8791,0.5329744279946164,0.4670255720053835,10936,0.5341317365269461,0.4658682634730539,11065,0.4402907580477674,0.5597092419522326,12730,0.3686868686868687,0.6313131313131313,16652,0.3631739572736521,0.6368260427263479,18789,0.3370558375634518,0.6629441624365482,18457,0.2706611570247934,0.7293388429752066,19499,-0.2320192933252066,0.17098508558847736,-0.04863221818518515,-0.137940536,0.013209936209302331,0.022451571271616344,0.0871851509429461,0.03198695548276742,-0.0922975446071313,-0.17137523334334792,-0.21029679563454817,-0.2706140741375975,-0.3151443859848939,-0.35958678008128686,-0.4039416029011136,-0.448209198874423,-0.4923899104033467,30409.19047619048,0.0019571409617605254,0.0020602299939218335,0.002072702479635411,0.002043341336090949,0.0020578222460068537,0.0020862652288877125,0.0021348422011178993,0.002188252532121726,0.0022335624709199416,0.002173459675122124,0.0020519999238090185,3365503.5952380956,3372153.8333333335,3378804.071428572,3385454.3095238097,3392104.547619048,3398754.785714286,22096.392857142855,23758.95238095238,25421.51190476191,27084.071428571428,28746.630952380954
37,Liberty,0.647118301314459,0.3528816986855409,1776,0.5535168195718655,0.44648318042813456,2052,0.316,0.684,2060,0.3329928498467824,0.6670071501532175,2177,0.42119205298013246,0.5788079470198676,2576,0.4872417982989064,0.5127582017010935,2164,0.4359504132231405,0.5640495867768595,2410,0.35685483870967744,0.6431451612903226,3021,0.2764227642276422,0.7235772357723577,3286,0.2900608519269777,0.7099391480730224,3289,0.20414507772020724,0.7958549222797927,3312,-0.29853537262979274,0.146292687314459,-0.05993021342813454,-0.17994053599999998,-0.049146051153217574,-0.08933080374286756,0.04029521271490638,0.027646610658140502,-0.10412957458432254,-0.2581264263893578,-0.25729178127102226,-0.3162796065095108,-0.35881931072808015,-0.4012750273219865,-0.4436470872772986,-0.4859358196272865,-0.5281415514679395,4530.880952380952,0.0005637175394237258,0.0005565550220547132,0.0004928170715661296,0.0005060122953782273,0.0004847247719196832,0.00040801427522033524,0.00040416101372302727,0.0003969920069384899,0.00039062676456665747,0.00038730610995701715,0.00034854216870893227,374375.1904761905,375112.6666666666,375850.14285714284,376587.61904761905,377325.0952380952,378062.5714285714,3609.0357142857147,3793.404761904762,3977.7738095238096,4162.142857142857,4346.511904761905
38,Madison,0.646403242147923,0.353596757852077,5040,0.5788402848423194,0.4211597151576806,5509,0.42700000000000005,0.573,4920,0.43229689067201604,0.567703109327984,4529,0.568922305764411,0.43107769423558895,5838,0.5599104143337066,0.44008958566629336,5587,0.4979633401221996,0.5020366598778004,6163,0.4914400805639476,0.5085599194360524,8304,0.4843276036400404,0.5156723963599595,8907,0.4828629032258065,0.5171370967741936,8727,0.42099898063200814,0.5790010193679919,8540,-0.08168146971799184,0.14557762814792297,-0.03460674815768061,-0.06894053599999994,0.05015798967201607,0.05839944904141103,0.11296382874970656,0.08965953755719963,0.03045566726994764,-0.05022158697695961,-0.06448972997219349,-0.0931195040555508,-0.11768383604412236,-0.14219966981359278,-0.1666671964901667,-0.19108660607241745,-0.21545808744019723,13251.97619047619,0.0015997389632294921,0.0014941820743174538,0.0011770194136433774,0.0010527008202884664,0.0010985338581005863,0.0010534083898595253,0.0010335453641390113,0.0010912352286055016,0.0010588291515505838,0.001027674193248674,0.0008987168239052782,1317701.238095238,1320302.3333333335,1322903.4285714286,1325504.5238095238,1328105.6190476192,1330706.7142857143,10000.607142857141,10650.880952380952,11301.154761904761,11951.42857142857,12601.70238095238
39,Manatee,0.4539007092198582,0.5460992907801419,54360,0.3487881981032666,0.6512118018967333,65576,0.272,0.728,76688,0.3423694779116466,0.6576305220883535,78113,0.4424083769633507,0.5575916230366492,100220,0.48648648648648646,0.5135135135135135,96878,0.4588477366255144,0.5411522633744856,110344,0.43001007049345413,0.5699899295065458,143621,0.4645748987854251,0.5354251012145749,152467,0.4368048533872599,0.5631951466127402,153866,0.4112734864300626,0.5887265135699373,180757,-0.09140696391993736,-0.04692490478014183,-0.2646588348967334,-0.22394053599999997,-0.03976942308835335,-0.0681144797596493,0.039539900902486436,0.05054393406051444,-0.03097434280054584,-0.06997429183157489,-0.1105477798107401,-0.09249260717255936,-0.1040611200964463,-0.11560679290098363,-0.12712971559660247,-0.13862997766265295,-0.15010766805165332,261252.64285714284,0.017254327389118092,0.017785892849054522,0.0183461920311958,0.018156241813908805,0.018858352733614383,0.018265992123288187,0.01850487257188951,0.01887334956256632,0.01812467769725641,0.018118954671525207,0.019022172943635406,28602737.07142857,28659250.5,28715763.92857143,28772277.35714286,28828790.785714284,28885304.214285713,190610.85714285716,204739.21428571426,218867.57142857142,232995.92857142858,247124.28571428574
40,Marion,0.5121951219512195,0.4878048780487805,33679,0.3931535269709543,0.6068464730290456,40592,0.3,0.7,54046,0.3326633165829146,0.6673366834170855,62520,0.4651773981603154,0.5348226018396847,86989,0.4724137931034483,0.5275862068965517,90171,0.4474226804123711,0.5525773195876289,102971,0.4133064516129032,0.5866935483870968,139677,0.44174265450861194,0.5582573454913881,162542,0.4180161943319838,0.5819838056680162,161738,0.36542443064182195,0.634575569358178,175900,-0.13725601970817802,0.011369507951219493,-0.22029350602904574,-0.195940536,-0.04947558441708538,-0.045345458562684626,0.025467207519448254,0.039118877847371114,-0.04767796168109678,-0.09280653610838807,-0.1293364388660162,-0.13334258390513298,-0.15071115483117126,-0.16804543438065878,-0.185345557692159,-0.20261165910696377,-0.21984387217531776,283547.1666666666,0.01069000169496152,0.011009591352458539,0.012929510412554874,0.014531873544807889,0.016368681360450825,0.017001411834978213,0.01726840819256176,0.01835506539329608,0.019322354098050408,0.019045945762307098,0.018511040904559534,34223729.83333333,34291407.166666664,34359084.5,34426761.83333333,34494439.166666664,34562116.5,198950.5,215869.8333333333,232789.16666666666,249708.5,266627.8333333333
41,Martin,0.4290060851926978,0.5709939148073022,20756,0.2824025289778715,0.7175974710221286,30154,0.237,0.763,37887,0.2688821752265861,0.7311178247734139,43083,0.3736559139784946,0.6263440860215054,53184,0.4225663716814159,0.577433628318584,54656,0.43909928352098265,0.5609007164790174,62016,0.4220647773279352,0.5779352226720648,72453,0.43174924165824063,0.5682507583417593,78522,0.384460141271443,0.6155398587285571,79037,0.36174636174636177,0.6382536382536383,86633,-0.1409340886036382,-0.07181952880730225,-0.33104450402212854,-0.258940536,-0.11325672577341389,-0.1368669427445054,-0.024380213902584102,0.030795480955982668,-0.03891963596606479,-0.10279994895875938,-0.16289249192655697,-0.11955619901025116,-0.12692922685021912,-0.1342876978636589,-0.1416316694174391,-0.14896119853996126,-0.15627634192385287,124572.10714285714,0.006588131333490344,0.008178538077503813,0.009063767179818423,0.010014022839586665,0.010007609576776565,0.010305188644381997,0.010400186484251976,0.009521106216059056,0.009334386733811042,0.009307240198441096,0.009116924426860183,12450725.678571427,12475304.249999998,12499882.82142857,12524461.392857142,12549039.964285713,12573618.535714284,93848.89285714286,99993.53571428571,106138.17857142857,112282.82142857143,118427.46428571429
42,Miami-Dade,0.5892494929006086,0.4107505070993915,521942,0.44224422442244227,0.5577557755775577,524905,0.408,0.5920000000000001,548312,0.44477911646586343,0.5552208835341366,490265,0.5194660734149055,0.48053392658509453,544843,0.6018907563025211,0.398109243697479,553782,0.531850353892821,0.4681496461071789,625552,0.5316582914572864,0.46834170854271356,774726,0.5809045226130652,0.4190954773869347,864636,0.6190954773869347,0.3809045226130653,879179,0.6515463917525773,0.34845360824742266,987191,0.14886594140257736,0.08842387890060854,-0.17120280857755776,-0.08794053600000001,0.06264021546586346,0.008943216691905453,0.15494417071852107,0.123546551327821,0.07067387816328641,0.04635533199606523,0.07174284418893473,0.11474137442981203,0.12109407488157231,0.12743423297482437,0.13376189813763872,0.1400771195064543,0.14637994592840542,1419819.738095238,0.1656688400686364,0.1423676968087862,0.13117355055561536,0.1139550381229245,0.10252286448254501,0.10441356809614959,0.10490611222260049,0.10180735834737786,0.10278452927810605,0.10353037350133791,0.10388819205010251,150243479.1190476,150540236.16666666,150836993.21428573,151133750.26190478,151430507.30952382,151727264.35714287,1048873.4285714286,1123062.6904761905,1197251.9523809524,1271441.2142857143,1345630.4761904762
43,Monroe,0.5736196319018404,0.4263803680981595,19757,0.40468227424749165,0.5953177257525084,21806,0.32232232232232233,0.6776776776776776,24115,0.3896761133603239,0.6103238866396761,26405,0.5134370579915135,0.4865629420084866,28789,0.5583333333333333,0.4416666666666667,32544,0.50625,0.49374999999999997,33895,0.5025278058645096,0.4974721941354904,39535,0.5243407707910751,0.47565922920892495,40403,0.502532928064843,0.49746707193515705,39154,0.46372239747634075,0.5362776025236593,42977,-0.03895805287365922,0.07279401790184037,-0.20876475875250838,-0.17361821367767766,0.007537212360323897,0.0029142012685134944,0.11138674774933333,0.097946197435,0.04154339257050965,-0.010208419825924908,-0.04481970513315703,-0.03155753028357111,-0.04314161749922363,-0.05470283384665464,-0.06624126945747122,-0.07775701393149603,-0.08925015634099509,57747.71428571429,0.006271040217564499,0.005914346399086295,0.005769069747969522,0.006137461947387273,0.005417213299221957,0.006136052020688813,0.005684247950266394,0.005195325718077854,0.004802949838340433,0.004610697302905762,0.004522734536414185,4763393.857142857,4772777.0,4782160.142857143,4791543.285714285,4800926.428571429,4810309.571428572,46018.78571428571,48364.57142857143,50710.357142857145,53056.142857142855,55401.92857142857
44,Nassau,0.652834008097166,0.347165991902834,9140,0.4826175869120654,0.5173824130879345,10751,0.302,0.698,11524,0.33065326633165826,0.6693467336683416,12575,0.3704156479217604,0.6295843520782396,18174,0.3747276688453159,0.6252723311546841,21167,0.2973523421588595,0.7026476578411405,23787,0.2651821862348178,0.7348178137651822,32743,0.2795156407669021,0.7204843592330978,38392,0.25480283114256824,0.7451971688574317,40625,0.240625,0.759375,46992,-0.26205545035,0.15200839409716593,-0.13082944608793462,-0.193940536,-0.05148563466834172,-0.1401072088012396,-0.07221891673868414,-0.11095146040614051,-0.19580222705918215,-0.2550335498500979,-0.29254980205543174,-0.32572614386043597,-0.3595457071171779,-0.39329849922827975,-0.4269847833315623,-0.460604821012339,-0.49415887231575084,76106.25,0.002901113913475706,0.0029159469016131687,0.002756904821712659,0.0029228776363717083,0.0034197934801507464,0.0039909603343756175,0.003989119515945913,0.004302783609131736,0.004563890062459865,0.004783919342354461,0.004945257727044125,9958163.75,9977868.75,9997573.75,10017278.75,10036983.75,10056688.75,51475.0,56401.25,61327.5,66253.75,71180.0
45,Okaloosa,0.43306288032454365,0.5669371196754565,33295,0.2787564766839378,0.7212435233160621,40323,0.165,0.835,44357,0.19436052366565962,0.8056394763343404,50462,0.26859504132231404,0.7314049586776861,61769,0.2880794701986755,0.7119205298013246,63044,0.24564994882292732,0.7543500511770727,70819,0.217741935483871,0.7822580645161291,89756,0.2732793522267207,0.7267206477732794,95781,0.25,0.7499999999999999,95075,0.2486659551760939,0.7513340448239061,102096,-0.25401449517390606,-0.06776273367545638,-0.3346905563160622,-0.33094053599999995,-0.18777837733434036,-0.24192781540068597,-0.1588671153853245,-0.16265385374207267,-0.24324247781012898,-0.26126983839027934,-0.297352633198,-0.28611029586100756,-0.2994045033098729,-0.31267246354038036,-0.32591427998995925,-0.3391300554857537,-0.3523198922494899,151559.79761904763,0.010568116821572607,0.010936631654148246,0.010611595555077092,0.011729165112253609,0.011623045200584981,0.011886715326705552,0.011876464245166418,0.011794907174700794,0.011386068818307676,0.011195843236291702,0.010744191200636216,15557544.273809524,15588264.083333334,15618983.892857142,15649703.702380951,15680423.511904761,15711143.32142857,113160.03571428571,120839.98809523809,128519.94047619047,136199.89285714284,143879.84523809524
46,Okeechobee,0.6659939455095863,0.33400605449041376,4825,0.5371900826446281,0.46280991735537186,6210,0.33299999999999996,0.667,6675,0.38832997987927564,0.6116700201207242,7791,0.509065550906555,0.4909344490934449,9370,0.5850422195416164,0.41495778045838355,9941,0.4759959141981614,0.5240040858018385,9854,0.4251256281407035,0.5748743718592965,12190,0.403242147922999,0.596757852077001,12839,0.39858012170385393,0.6014198782961461,12367,0.2975206611570248,0.7024793388429752,13761,-0.20515978919297517,0.16516833150958632,-0.07625695035537194,-0.16294053600000002,0.006191078879275669,-0.001457305816444987,0.13809563395761637,0.06769211163316141,-0.03585878515329649,-0.131307042694001,-0.14877251149414605,-0.20564171013248256,-0.24246771927425925,-0.27922102153920036,-0.3159019034572452,-0.3525106498677246,-0.38904754393288954,18682.54761904762,0.0015314961304726785,0.0016843112509550534,0.0015968708508271431,0.0018109057387651673,0.0017631487239469844,0.0018743391450856527,0.0016525322112973904,0.0016018975718570644,0.0015262498570515265,0.0014563133663236336,0.0014481548259672756,1637930.5238095238,1641159.3333333335,1644388.142857143,1647616.9523809524,1650845.761904762,1654074.5714285716,14646.535714285714,15453.738095238095,16260.940476190477,17068.14285714286,17875.345238095237
47,Orange,0.4534412955465587,0.5465587044534413,130437,0.3581932773109244,0.6418067226890756,143219,0.2852852852852853,0.7147147147147147,170985,0.3155241935483871,0.684475806451613,172770,0.4319306930693069,0.568069306930693,237011,0.4989082969432315,0.5010917030567685,231126,0.5107033639143731,0.48929663608562696,280155,0.5010060362173038,0.49899396378269617,388044,0.594159113796576,0.40584088620342396,463039,0.591919191919192,0.40808080808080804,467303,0.6281512605042018,0.37184873949579833,551902,0.1254708101542018,-0.04738431845344132,-0.25525375568907566,-0.2106552507147147,-0.06661470745161285,-0.07859216365369309,0.0519617113592315,0.10239956134937311,0.0400216229233038,0.05960992317957603,0.04456655872119197,0.13749126421295443,0.1601490336480964,0.18276206905721892,0.20533054673227014,0.22785464192502047,0.25033452885543284,870176.0595238095,0.04140181570372327,0.03884466554758966,0.04090501309792945,0.04015789814997535,0.04459825423814287,0.043577960893981145,0.04698246008281108,0.050993169924011705,0.05504425637193564,0.05502867348776041,0.05808004830760783,110937772.15476191,111157248.91666667,111376725.67857143,111596202.4404762,111815679.20238096,112035155.96428572,595830.1071428572,650699.2976190476,705568.488095238,760437.6785714285,815306.869047619
48,Osceola,0.49390243902439024,0.5060975609756097,14175,0.378125,0.6218750000000001,18205,0.265,0.735,24980,0.3148893360160966,0.6851106639839034,31381,0.4397350993377484,0.5602649006622517,45267,0.5439814814814814,0.4560185185185185,46491,0.5179119754350051,0.4820880245649949,55690,0.4723618090452261,0.5276381909547738,82204,0.5993945509586277,0.4006054490413724,100925,0.6232323232323232,0.37676767676767675,108922,0.6291666666666667,0.37083333333333335,141468,0.12648621631666668,-0.0069231749756097916,-0.23532203300000004,-0.23094053599999997,-0.06724956498390339,-0.07078775738525162,0.09703489589748138,0.10960817287000513,0.01137739575122615,0.06484536034162769,0.07587969003432327,0.14463518332834724,0.16698335324922198,0.18928740039720537,0.2115474986553636,0.23376382088082437,0.2559365389129624,221158.38095238095,0.0044992658340829465,0.004937662854047785,0.005976005071709669,0.007294061479680364,0.008517871215251669,0.00876570779541063,0.00933930574864539,0.010802492862751282,0.01199756732011257,0.012826438464195263,0.014887549372860878,30757732.19047619,30818622.666666664,30879513.14285714,30940403.61904762,31001294.095238093,31062184.57142857,145045.2857142857,160267.90476190476,175490.52380952382,190713.14285714287,205935.76190476192
49,Palm Beach,0.4959266802443992,0.5040733197556008,198657,0.3905579399141631,0.6094420600858369,252930,0.38299999999999995,0.617,302931,0.44277108433734946,0.5572289156626506,327217,0.5728395061728395,0.42716049382716054,405251,0.6328976034858387,0.3671023965141612,397354,0.6383196721311476,0.36168032786885246,433222,0.6070351758793969,0.392964824120603,544622,0.6153071500503524,0.38469284994964753,591436,0.5856854838709677,0.41431451612903225,601439,0.5787847579814624,0.4212152420185376,666212,0.07610430763146248,-0.004898933755600854,-0.22288909308583693,-0.11294053600000004,0.06063218333734949,0.0623166494498395,0.18595101790183866,0.2300158695661476,0.14605076258539695,0.0807579594333524,0.038332850672967766,0.08823998628614405,0.08343192902674446,0.07863336448281899,0.07384425524460525,0.06906456412307094,0.06429425414813394,953602.869047619,0.06305542524172246,0.0686011022067732,0.07247066422650447,0.0760568788501504,0.0762559000563756,0.07491964155078609,0.07265205090751756,0.07156920913699247,0.07030758707493781,0.07082426253160183,0.07010959399152028,97612975.5595238,97805716.08333333,97998456.60714287,98191197.13095239,98383937.65476191,98576678.17857143,712677.2142857143,760862.3452380951,809047.4761904762,857232.6071428572,905417.7380952381
50,Pasco,0.5435222672064777,0.4564777327935222,62747,0.40441176470588236,0.5955882352941176,88442,0.381,0.619,107588,0.44120603015075377,0.5587939698492462,114803,0.5269541778975741,0.47304582210242585,135962,0.5790697674418605,0.42093023255813955,133471,0.503099173553719,0.496900826446281,142769,0.45076142131979696,0.5492385786802031,190916,0.48174442190669375,0.5182555780933064,215589,0.4664634146341463,0.5335365853658536,214248,0.38848167539267014,0.6115183246073298,243265,-0.11419877495732983,0.04269665320647764,-0.20903526829411767,-0.11494053599999998,0.059067129150753794,0.01643132117457413,0.13212318185786043,0.09479537098871904,-0.01022299197420301,-0.05280476871030626,-0.08088921856385367,-0.12031338903416611,-0.14809544100830863,-0.17582264190632202,-0.20349520789037,-0.2311133538471779,-0.2586772933982928,353152.4880952381,0.019916432683682726,0.023987738431073564,0.02573844810468774,0.026684303879791746,0.025583908943999988,0.02516546826614296,0.023942599073951402,0.025088423037626196,0.025628372959878614,0.025229419107957132,0.025600274961044205,38208402.36904762,38283886.41666667,38359370.46428572,38434854.51190476,38510338.55952381,38585822.60714286,258797.42857142858,277668.4404761905,296539.45238095237,315410.46428571426,334281.4761904762
51,Pinellas,0.4858299595141701,0.5141700404858299,295569,0.42705005324813633,0.5729499467518636,345003,0.348,0.652,369249,0.4190954773869347,0.5809045226130652,365370,0.5026455026455027,0.49735449735449744,422851,0.5486033519553073,0.4513966480446927,376272,0.5201654601861427,0.4798345398138573,398526,0.49949545913218973,0.5005045408678104,455357,0.5415821501014199,0.4584178498985802,465152,0.528397565922921,0.47160243407707914,459112,0.49421661409043116,0.505783385909569,497485,-0.008463836259568813,-0.014995654485829957,-0.1863969797518637,-0.147940536,0.036956576386934725,-0.007877354077497345,0.10165676637130727,0.11186165762114275,0.03851104583818976,0.007032959484419843,-0.018955067275079007,-0.006319875781436224,-0.014909440796927242,-0.023482047134024242,-0.03203776162504113,-0.04057665070796901,-0.0490987804296239,591694.4285714286,0.09381612016324956,0.09357366095221356,0.0883360246886999,0.08492499419492096,0.07956768421234858,0.07094470765513215,0.06683347392322952,0.059838824661863604,0.0552954415069111,0.05406411759032717,0.052353412077343946,34731450.21428571,34799525.49999999,34867600.78571428,34935676.07142857,35003751.35714285,35071826.642857134,506600.3214285714,523619.14285714284,540637.9642857143,557656.7857142857,574675.6071428572
52,Polk,0.5167173252279635,0.4832826747720365,92706,0.4210526315789473,0.5789473684210527,106315,0.297,0.703,119784,0.3319919517102615,0.6680080482897385,116040,0.4385093167701863,0.5614906832298137,145900,0.4949832775919733,0.5050167224080268,150173,0.45417515274949083,0.5458248472505092,168629,0.4104627766599597,0.5895372233400402,210830,0.4686234817813765,0.5313765182186235,245704,0.46605876393110435,0.5339412360688957,249442,0.42693110647181626,0.5730688935281837,286969,-0.07574934387818372,0.015891711227963512,-0.19239440142105274,-0.198940536,-0.05014694928973845,-0.07201353995281373,0.04803669200797328,0.045871350184490844,-0.050521636634040246,-0.06592570883562349,-0.08129386926689564,-0.0730635272606115,-0.08086620166220015,-0.08865347097103538,-0.09642539589691523,-0.10418203679144611,-0.11192345365088485,427765.2380952381,0.029425674667689146,0.028835354371221658,0.02865611655362974,0.026971826713683738,0.02745393797479883,0.02831456920178531,0.028279364142365298,0.027705337577901962,0.029208325794609257,0.029373794673122004,0.030199516187268592,49216718.11904762,49314004.16666667,49411290.21428572,49508576.26190476,49605862.30952381,49703148.35714286,306157.6785714286,330479.1904761905,354800.70238095237,379122.21428571426,403443.72619047615
53,Putnam,0.6558704453441295,0.3441295546558705,14809,0.5180598555211559,0.48194014447884415,17727,0.406,0.594,19262,0.4245472837022133,0.5754527162977867,20307,0.5458115183246073,0.45418848167539266,25661,0.5508083140877599,0.4491916859122402,25152,0.473305954825462,0.5266940451745379,26239,0.40423387096774194,0.595766129032258,30973,0.40283400809716596,0.597165991902834,33279,0.37626774847870187,0.6237322515212982,31424,0.3130165289256199,0.6869834710743802,33301,-0.1896639214243801,0.1550448313441295,-0.09538717747884418,-0.08994053599999996,0.04240838270221331,0.03528866160160726,0.10386172850375985,0.06500215226046202,-0.056750542326258036,-0.13171518251983405,-0.1710848847192981,-0.22378048517205684,-0.26482932022270234,-0.3057971111237805,-0.3466841772614657,-0.38749083613754465,-0.4282174033843944,45130.52380952381,0.004700502838584434,0.004808016996083773,0.00460807885073145,0.004720069674894654,0.004828618933319484,0.004742317490915838,0.00440032399961764,0.004070186504768569,0.003956076718811258,0.003700427850194377,0.003504469432420336,3600717.7619047617,3607807.6666666665,3614897.5714285714,3621987.476190476,3629077.380952381,3636167.2857142854,36268.142857142855,38040.61904761905,39813.09523809524,41585.57142857143,43358.04761904762
54,Santa Rosa,0.5270684371807968,0.47293156281920323,14371,0.38006230529595014,0.6199376947040498,18826,0.287,0.713,23154,0.29476861167002016,0.7052313883299799,27415,0.3780788177339901,0.6219211822660098,39986,0.3792723263506064,0.6207276736493936,48549,0.330246913580247,0.6697530864197531,60771,0.30846774193548393,0.6915322580645161,86290,0.34040404040404043,0.6595959595959595,106081,0.30940343781597573,0.6905965621840242,115035,0.3274058577405858,0.6725941422594143,137846,-0.1752745926094142,0.026242823180796737,-0.2333847277040499,-0.208940536,-0.08737028932997981,-0.13244403898900992,-0.0676742592333936,-0.07805688898475299,-0.15251667135851604,-0.19414515021295958,-0.23794919538202425,-0.22590465261801285,-0.24471853438910784,-0.2634952712559482,-0.28223500960254455,-0.30093789494924295,-0.31960407195961693,230015.45238095237,0.004561477904875205,0.005106093979143291,0.005539168191768041,0.006372221900686313,0.007524147798905455,0.009153736158813335,0.010191397910772651,0.011339437364687949,0.01261049233475216,0.013546293207329118,0.014506383993916508,32382780.476190478,32446893.666666668,32511006.85714286,32575120.04761905,32639233.23809524,32703346.42857143,149873.9642857143,165902.2619047619,181930.5595238095,197958.85714285713,213987.15476190476
55,Sarasota,0.5187436676798379,0.4812563323201621,24209,0.3633507853403142,0.6366492146596858,29830,0.316,0.684,41247,0.35045317220543803,0.649546827794562,50079,0.4943502824858757,0.5056497175141242,68233,0.5556818181818182,0.44431818181818183,73906,0.5449897750511248,0.4550102249488753,77990,0.5211267605633803,0.4788732394366197,100063,0.5611729019211324,0.4388270980788675,120974,0.5393939393939394,0.46060606060606063,123301,0.4875776397515528,0.5124223602484472,141993,-0.015102810598447147,0.017918053679837898,-0.25009624765968586,-0.17994053599999998,-0.03168572879456194,-0.016172574237124315,0.10873523259781814,0.1366859724861248,0.06014234726938028,0.026623711304132436,-0.007958693804060557,0.023995629208334535,0.022083285628506033,0.0201747176554381,0.018269910409873802,0.016368849100348193,0.014471519022482227,216938.11904761905,0.007684142968417217,0.008090660968758332,0.00986758531596512,0.011640142278477835,0.012839373199687788,0.01393470564899912,0.013079052888074231,0.013149358222537608,0.014380913638675236,0.014519680955855936,0.014942798357937022,26056486.80952381,26108011.333333336,26159535.85714286,26211060.38095238,26262584.904761907,26314109.42857143,152532.4642857143,165413.59523809524,178294.72619047618,191175.85714285713,204056.98809523808
56,Seminole,0.46802030456852795,0.531979695431472,17412,0.33575883575883575,0.6642411642411643,21590,0.17917917917917917,0.8208208208208208,25920,0.2170854271356784,0.7829145728643216,24370,0.2743484224965706,0.7256515775034292,32777,0.29384965831435084,0.7061503416856493,42410,0.2605128205128205,0.7394871794871795,50402,0.2199798183652876,0.7800201816347124,67307,0.25809716599190285,0.7419028340080972,76377,0.23427991886409738,0.7657200811359027,77060,0.2201058201058201,0.77989417989418,88684,-0.28257463024417984,-0.032805309431472085,-0.2776881972411643,-0.31676135682082085,-0.16505347386432156,-0.23617443422642942,-0.15309692726964919,-0.1477909820521795,-0.24100459492871237,-0.27645202462509716,-0.3130727143339026,-0.31604428325962886,-0.33572264517702877,-0.35536215541679894,-0.374962967089175,-0.39452523240102266,-0.41404910266305706,146816.0,0.005526717227728555,0.005855761659922641,0.006200882764560232,0.0056644555068293065,0.0061676334818367455,0.0079962501904318,0.008452499341770963,0.008844866273091341,0.009079397564609739,0.009074432603614393,0.00933276379522432,19022774.5,19060413.5,19098052.5,19135691.5,19173330.5,19210969.5,99767.25,109177.0,118586.75,127996.5,137406.25
57,St. Johns,0.37322515212981744,0.6267748478701826,71478,0.27330508474576276,0.7266949152542372,99265,0.258,0.742,118365,0.3319919517102615,0.6680080482897385,127409,0.4491634491634492,0.5508365508365509,156352,0.4786995515695067,0.5213004484304933,148986,0.46749226006191946,0.5325077399380804,160977,0.4579533941236069,0.5420466058763931,195652,0.49949443882709804,0.5005055611729019,208005,0.46255060728744934,0.5374493927125505,207961,0.44016649323621226,0.5598335067637877,231353,-0.06251395711378771,-0.1276004618701826,-0.34014194825423727,-0.23794053599999998,-0.05014694928973845,-0.06135940755955083,0.0317529659855067,0.05918845749691948,-0.0030310191703930567,-0.03505475178990197,-0.08480202591055064,-0.050521006122096423,-0.0559902103271277,-0.061448616491166064,-0.06689626716811148,-0.07233320466080784,-0.07775947102300762,315005.4166666667,0.02268772651065826,0.026923213579074616,0.028316646930060644,0.029614387019680555,0.029420686156516426,0.02809076469869541,0.026996110998378325,0.02571078455528945,0.02472681684835289,0.024489074470286178,0.024346701798707005,28909699.583333336,28966717.916666668,29023736.25,29080754.583333336,29137772.916666668,29194791.25,243732.5,257987.08333333334,272241.6666666667,286496.25,300750.8333333334
58,St. Lucie,0.4240890688259109,0.5759109311740891,46813,0.3038906414300736,0.6961093585699265,60439,0.24024024024024024,0.7597597597597597,74092,0.2729103726082578,0.7270896273917421,83658,0.3840304182509506,0.6159695817490494,117560,0.4298245614035088,0.5701754385964912,114904,0.4387755102040816,0.5612244897959183,137805,0.4154929577464788,0.5845070422535211,186195,0.4858585858585859,0.5141414141414141,206426,0.46707193515704154,0.5329280648429584,209120,0.49208025343189016,0.5079197465681098,227526,-0.010600196918109817,-0.07673654517408912,-0.3095563915699264,-0.2557002957597597,-0.10922852839174219,-0.12649243847204944,-0.017122024180491247,0.030471707639081635,-0.045491455547521154,-0.048690604758414135,-0.08028069804095844,-0.01075978432763236,-0.0018922297462324877,0.006957817312262193,0.015790425843093203,0.02460566443443213,0.03340360127061359,362594.5357142857,0.014858845255091709,0.016392606714407804,0.01772514682838722,0.01944509720108027,0.022121212805465047,0.02166472841031303,0.023110128006681236,0.024468032681864326,0.024539111534521253,0.024625556009185597,0.02394396300654243,43057725.39285714,43142860.25,43227995.10714286,43313129.96428572,43398264.82142857,43483399.678571425,256175.9642857143,277459.6785714286,298743.39285714284,320027.10714285716,341310.8214285715
59,Sumter,0.6809815950920245,0.31901840490797545,7090,0.5441478439425051,0.45585215605749485,8267,0.35600000000000004,0.644,9717,0.3963782696177062,0.6036217303822937,9896,0.5354330708661418,0.46456692913385833,12329,0.5409252669039145,0.4590747330960854,15400,0.4427402862985685,0.5572597137014315,22261,0.3691683569979716,0.6308316430020284,31842,0.36363636363636365,0.6363636363636364,48983,0.32426988922457206,0.675730110775428,60546,0.3002049180327869,0.6997950819672131,77238,-0.20247553231721305,0.18015598109202446,-0.06929918905749488,-0.13994053599999995,0.01423936861770625,0.024910214143141762,0.09397868131991449,0.0344364837335685,-0.09181605629602835,-0.17091282698063637,-0.22308274397342792,-0.2613594202082652,-0.3046865046279663,-0.34792804687074863,-0.3910843840490088,-0.4341558512862207,-0.4771427817325957,127867.65476190476,0.002250426438352599,0.0022422224012311476,0.0023246133419456707,0.0023001826711359385,0.0023199424351699437,0.002903613603693698,0.0037332067744764775,0.0041843824842553445,0.005822906515145643,0.007129776750823217,0.008128230684402328,19777330.20238095,19816511.583333332,19855692.964285716,19894874.345238097,19934055.726190478,19973237.10714286,78890.92857142858,88686.27380952382,98481.61904761905,108276.96428571429,118072.30952380953
60,Suwannee,0.6621621621621622,0.33783783783783783,7402,0.5271238485158649,0.47287615148413514,8436,0.314,0.6859999999999999,8870,0.34787018255578095,0.652129817444219,9122,0.46613545816733065,0.5338645418326693,11374,0.43824228028503565,0.5617577197149645,12144,0.3371134020618557,0.6628865979381443,12461,0.28830645161290325,0.7116935483870968,15802,0.28194726166328604,0.718052738336714,17711,0.2730964467005076,0.7269035532994923,17692,0.2173017507723996,0.7826982492276005,18787,-0.28537869957760037,0.16133654816216214,-0.08632318448413512,-0.18194053599999999,-0.034268718444219026,-0.044387398555669366,-0.008704305298964377,-0.07119040050314429,-0.17267796168109673,-0.252601928953714,-0.2742561864974924,-0.3425818295590659,-0.38665495265536265,-0.4306410606444615,-0.4745404964435238,-0.5183536009463126,-0.5620807130395917,27877.416666666664,0.0023494578979810915,0.002288059535113821,0.002121984186792024,0.002120277518805783,0.002140240510797545,0.0022897067274841735,0.00208973045311313,0.0020765533577100357,0.0021054140679367226,0.0020833747939676336,0.001977071776429562,2876564.583333333,2882244.9166666665,2887925.25,2893605.583333333,2899285.9166666665,2904966.25,20777.0,22197.083333333332,23617.166666666664,25037.25,26457.333333333332
61,Taylor,0.6292929292929292,0.37070707070707076,5406,0.516359918200409,0.483640081799591,5868,0.3,0.7,5770,0.3027245206861756,0.6972754793138244,5875,0.4883401920438957,0.5116598079561042,7213,0.5289256198347108,0.4710743801652893,7997,0.3949238578680203,0.6050761421319797,6810,0.35786290322580644,0.6421370967741935,8581,0.30293819655521786,0.6970618034447822,9387,0.30628803245436104,0.6937119675456389,9140,0.2368692070030896,0.7631307929969103,9348,-0.26581124334691036,0.1284673152929292,-0.09708711479959098,-0.195940536,-0.07941438031382436,-0.02218266467910429,0.08197903425071074,-0.013379944696979673,-0.10312151006819353,-0.23161099406178215,-0.24106460074363895,-0.2922730608020174,-0.33265930182679426,-0.37296580688456515,-0.4131928902060622,-0.4533408641680978,-0.49341003930820193,12554.904761904761,0.0017159104831783005,0.001591552080612601,0.0013803662635614407,0.001365559134288969,0.0013572669952859762,0.001507805064203799,0.0011420483416820812,0.00112763601838437,0.001115889664938288,0.0010763082532706406,0.0009837476428415154,965094.4523809524,966993.8333333334,968893.2142857143,970792.5952380953,972691.9761904762,974591.3571428572,10180.678571428572,10655.52380952381,11130.369047619046,11605.214285714286,12080.059523809523
62,Union,0.7308467741935484,0.2691532258064516,2040,0.5246406570841889,0.47535934291581106,2423,0.2962962962962963,0.7037037037037036,2567,0.29577464788732394,0.704225352112676,2349,0.4462915601023018,0.5537084398976982,3571,0.45881006864988555,0.5411899313501144,3462,0.3762781186094069,0.623721881390593,3826,0.2696177062374246,0.7303822937625755,4675,0.24822695035460993,0.75177304964539,5310,0.2520325203252033,0.7479674796747967,5408,0.18153846153846154,0.8184615384615385,5722,-0.32114198881153844,0.23002116019354835,-0.08880637591581109,-0.1996442397037037,-0.08636425311267604,-0.06423129662069821,0.011863483065885527,-0.032025683955593076,-0.19136670705657538,-0.28632224026239006,-0.2953201128727967,-0.3636918141539809,-0.4090739134811088,-0.4543664133435641,-0.4995696668431151,-0.5446840249981335,-0.5897098367603633,8722.464285714286,0.000647513389878604,0.0006571797360811746,0.0006141074867525508,0.0005459912181182619,0.0006719534784647472,0.0006527474218173755,0.0006416265719934865,0.0006143454592642967,0.0006312319293514763,0.0006368353428542258,0.0006021613192489463,944593.1071428572,946459.25,948325.3928571428,950191.5357142857,952057.6785714286,953923.8214285715,6389.785714285714,6856.321428571429,7322.857142857143,7789.392857142857,8255.92857142857
63,Volusia,0.5672097759674135,0.43279022403258655,88225,0.4580712788259958,0.5419287211740041,101882,0.391,0.609,112191,0.42770475227502525,0.5722952477249748,131182,0.5237499999999999,0.47625,155499,0.5558060879368659,0.4441939120631342,160158,0.5419222903885481,0.45807770961145194,183674,0.5080482897384305,0.49195171026156936,228939,0.5288753799392097,0.47112462006079026,244855,0.4944275582573455,0.5055724417426546,235254,0.432601880877743,0.5673981191222571,263278,-0.07007856947225699,0.06638416196741348,-0.15537575417400423,-0.10494053599999997,0.04556585127502527,0.01322714327699992,0.1088595023528659,0.13361848782354813,0.04706387644443055,-0.00567381067779027,-0.05292507494065446,-0.056241651948241156,-0.07471845663741306,-0.09315878192536786,-0.1115627715734746,-0.12993056849488482,-0.1482623147612827,383886.1666666666,0.028003367069627368,0.02763301109014537,0.02683963110489109,0.03049136652839073,0.029260177526684323,0.030197204385738658,0.030802435698988925,0.030085055636044668,0.029107400011554752,0.02770304396224631,0.02770636627214682,39137967.33333333,39215243.666666664,39292520.0,39369796.33333333,39447072.666666664,39524349.0,287290.75,306609.8333333333,325928.9166666666,345248.0,364567.0833333333
64,Wakulla,0.5983436853002071,0.40165631469979296,4072,0.5072916666666667,0.4927083333333333,4276,0.32299999999999995,0.677,4558,0.33703329969727547,0.6629667003027245,4805,0.4733242134062928,0.5266757865937073,6714,0.5101796407185629,0.48982035928143713,7169,0.45987654320987653,0.5401234567901234,8587,0.41935483870967744,0.5806451612903226,11763,0.37423935091277893,0.6257606490872212,14376,0.35772357723577236,0.6422764227642276,14697,0.29283489096573206,0.7071651090342679,15444,-0.2098455593842679,0.09751807130020707,-0.10615536633333333,-0.17294053600000003,-0.04510560130272451,-0.03719864331670719,0.0632330551345629,0.05157274064487655,-0.04162957458432254,-0.16030983970422108,-0.18962905596222762,-0.2139749552768535,-0.24551199033344062,-0.2769867607195948,-0.3083995118136187,-0.3397504875460413,-0.371039930411186,26185.535714285714,0.0012924875115616055,0.0011597608549249287,0.0010904175787370964,0.0011168530451503822,0.0012633703876819694,0.0013516886964207871,0.0014400542011782718,0.0015457851630643683,0.001708962375961737,0.0017306895402974404,0.0016252672866970863,3350055.892857143,3356683.7500000005,3363311.6071428573,3369939.4642857146,3376567.321428572,3383195.178571429,17900.714285714286,19557.678571428572,21214.64285714286,22871.60714285714,24528.571428571428
65,Walton,0.639511201629328,0.3604887983706721,8279,0.4814432989690722,0.5185567010309278,9336,0.26,0.74,9629,0.3014112903225807,0.6985887096774194,10808,0.40479548660084624,0.5952045133991537,13554,0.4090368608799049,0.5909631391200952,15518,0.3165467625899281,0.6834532374100719,18323,0.2613521695257316,0.7386478304742685,23976,0.2680203045685279,0.731979695431472,27139,0.23654822335025383,0.7634517766497462,28582,0.21079958463136034,0.7892004153686397,33898,-0.29188086571863964,0.13868558762932792,-0.13200373403092786,-0.23594053599999998,-0.08072761067741929,-0.10572737012215377,-0.03790972470409515,-0.0917570399750719,-0.19963224376826838,-0.26652888604847214,-0.31080440984774615,-0.34909964700489127,-0.38794753569419527,-0.42671872563929014,-0.46541351910150297,-0.5040322165589259,-0.5425751167204282,52834.47619047619,0.002627825173924001,0.0025321626149623798,0.0023035609621894475,0.0025121639358970517,0.0025504501392078363,0.002925862071566156,0.003072797615953124,0.0031507051831702196,0.003226177651726877,0.003365759572755082,0.0035672954211640657,6674688.238095238,6687892.333333333,6701096.428571429,6714300.523809524,6727504.619047619,6740708.714285715,36329.357142857145,39630.380952380954,42931.40476190476,46232.42857142857,49533.45238095238
66,Washington,0.6065239551478084,0.3934760448521917,5879,0.48925281473899696,0.5107471852610032,6454,0.294,0.706,6524,0.32930513595166166,0.6706948640483383,6518,0.4078282828282829,0.5921717171717172,7835,0.45958986731001206,0.5404101326899878,7803,0.35942327497425336,0.6405767250257467,7886,0.2832661290322581,0.716733870967742,10281,0.2591093117408907,0.7408906882591093,11041,0.25940996948118006,0.7405900305188199,10858,0.20781893004115226,0.7921810699588477,10901,-0.2948615203088477,0.1056983411478084,-0.12419421826100308,-0.201940536,-0.05283376504833831,-0.10269457389471714,0.012643281726012034,-0.048880527590746625,-0.17771828426174185,-0.2754398788761093,-0.2879426637168199,-0.34630787992622913,-0.3888783914454734,-0.4313648545161186,-0.47376760036394217,-0.5160869582605017,-0.5583232555386246,15689.15476190476,0.0018660447152432905,0.0017504903081584403,0.0015607468810181697,0.0015150152233694468,0.001474308458070931,0.0014712270746507746,0.001322495333701159,0.0013510343672077506,0.0013125106839867516,0.001278616522320855,0.0011471794025048523,1398515.7023809522,1401273.0833333333,1404030.464285714,1406787.8452380951,1409545.226190476,1412302.607142857,12242.428571428572,12931.77380952381,13621.119047619046,14310.464285714286,14999.809523809523
