,counties,1976D,1976R,1976Total,1980D,1980R,1980Total,1984D,1984R,1984Total,1988D,1988R,1988Total,1992D,1992R,1992Total,1996D,1996R,1996Total,2000D,2000R,2000Total,2004D,2004R,2004Total,2008D,2008R,2008Total,2012D,2012R,2012Total,2016D,2016R,2016Total,Partisan Lean 2016,Partisan Lean 1976,Partisan Lean 1980,Partisan Lean 1984,Partisan Lean 1988,Partisan Lean 1992,Partisan Lean 1996,Partisan Lean 2000,Partisan Lean 2004,Partisan Lean 2008,Partisan Lean 2012,Partisan Lean 2020,Partisan Lean 2024,Partisan Lean 2028,Partisan Lean 2032,Partisan Lean 2036,Partisan Lean 2040,2040Total,2020Total,2024Total,2028Total,2032Total,2036Total
0,Adams,0.395748987854251,0.604251012145749,30485,0.3480083857442348,0.6519916142557652,31917,0.33801404212637914,0.6619859578736208,30649,0.464859437751004,0.535140562248996,29710,0.465,0.5349999999999999,31579,0.4503386004514673,0.5496613995485328,28411,0.41284403669724773,0.5871559633027523,30109,0.3353413654618474,0.6646586345381527,31477,0.3870314083080041,0.6129685916919959,30902,0.3207354443309499,0.67926455566905,30697,0.2523860021208908,0.7476139978791092,32310,-0.2502944482291092,-0.10507662614574903,-0.2654386472557652,-0.15792649387362084,0.08272053675100405,-0.045522856722999994,0.0033920148674672634,0.004540234132247745,-0.12564304783215258,-0.14751778230899593,-0.22661718886705007,-0.29201107668083637,-0.3370212164282407,-0.38194249108374834,-0.42677525085505863,-0.4715198438835557,-0.5161766162608785,33208.833333333336,31861.75,32131.166666666668,32400.583333333332,32670.0,32939.416666666664
1,Alexander,0.5803842264914054,0.4196157735085945,5658,0.5244399185336048,0.4755600814663951,5678,0.5271084337349398,0.4728915662650603,5467,0.5797392176529589,0.4202607823470412,4663,0.6636568848758465,0.33634311512415355,4362,0.6941431670281996,0.30585683297180044,4304,0.5973496432212029,0.4026503567787972,4022,0.5241448692152917,0.4758551307847082,3873,0.5640243902439024,0.4359756097560975,3947,0.5689655172413793,0.4310344827586207,3501,0.45807770961145194,0.5419222903885481,2820,-0.04460274073854803,0.07955861249140539,-0.0890071144663952,0.031167897734939776,0.1976003166529589,0.1531340281528465,0.24719658144419954,0.1890458406562029,0.06316045592129171,0.02947519962690237,0.021612884043379355,-0.06006495100140796,-0.09696229393099998,-0.1337867891469955,-0.17053872373432455,-0.20721838308404017,-0.24382605090696075,1852.6071428571431,2949.3928571428573,2730.0357142857147,2510.6785714285716,2291.321428571429,2071.964285714286
2,Bond,0.4974721941354904,0.5025278058645096,7478,0.39166666666666666,0.6083333333333333,7532,0.40320962888666,0.59679037111334,7131,0.4894472361809046,0.5105527638190954,7105,0.5577395577395576,0.44226044226044225,7548,0.5156599552572707,0.48434004474272924,6970,0.4456967213114754,0.5543032786885247,7032,0.4424242424242424,0.5575757575757576,7369,0.49336057201225736,0.5066394279877425,7960,0.42427385892116176,0.5757261410788381,7375,0.2970620239390642,0.7029379760609358,7570,-0.20561842641093575,-0.0033534198645096547,-0.22178036633333337,-0.09273090711333998,0.1073083351809046,0.047216701016557616,0.06871336967327069,0.037392918746475434,-0.018560170869757586,-0.041188618604742655,-0.12307877427683822,-0.1988897767994331,-0.23926843952534682,-0.27956738124635194,-0.31978691613423393,-0.3599273565071428,-0.3999890128444292,8010.428571428572,7671.321428571428,7739.142857142857,7806.964285714286,7874.785714285715,7942.607142857143
3,Boone,0.40770791075050716,0.592292089249493,11082,0.3211764705882353,0.6788235294117647,11614,0.33032128514056225,0.6696787148594379,11306,0.37927565392354123,0.6207243460764588,11222,0.47770700636942676,0.5222929936305732,13627,0.46388261851015805,0.536117381489842,13009,0.4295991778006166,0.5704008221993834,15523,0.4265593561368209,0.5734406438631791,19541,0.5214723926380368,0.47852760736196315,22238,0.47088866189989786,0.5291113381001021,21441,0.4227027027027027,0.5772972972972973,23001,-0.07997774764729726,-0.09311770324949287,-0.29227056241176474,-0.16561925085943774,-0.0028632470764587414,-0.03281585035357326,0.01693603292615803,0.021295375235616643,-0.034425057157179084,-0.013076797978963217,-0.07646397129810212,-0.07336317576528728,-0.08400113284422872,-0.09461808703274244,-0.10521412110093564,-0.11578931733056663,-0.12634375751893856,34779.607142857145,25658.892857142855,27483.035714285717,29307.178571428572,31131.321428571428,32955.46428571428
4,Brown,0.5020325203252032,0.4979674796747967,3103,0.36391752577319586,0.6360824742268042,2692,0.3935742971887551,0.606425702811245,2446,0.47995991983967934,0.5200400801603207,2646,0.5265760197775031,0.4734239802224968,2689,0.4865470852017938,0.5134529147982063,2297,0.413265306122449,0.5867346938775511,2660,0.34738955823293177,0.6526104417670683,2585,0.39002036659877803,0.6099796334012221,2577,0.34224049331962997,0.65775950668037,2364,0.2094240837696335,0.7905759162303665,2379,-0.29325636658036647,0.0012069063252031498,-0.24952950722680417,-0.1023662388112449,0.09782101883967936,0.016053163054503106,0.03960049961779377,0.00496150355744901,-0.1135948550610682,-0.14452882401822198,-0.20511213987837001,-0.31571785524604934,-0.3689107945207013,-0.42199871311643733,-0.4749820249082859,-0.5278611413294811,-0.5806364713907044,2215.988095238095,2378.428571428571,2345.940476190476,2313.4523809523807,2280.9642857142853,2248.4761904761904
5,Bureau,0.4109311740890688,0.5890688259109311,18648,0.33405172413793105,0.665948275862069,18587,0.3708542713567839,0.629145728643216,18765,0.4527162977867203,0.5472837022132796,16351,0.5248756218905473,0.47512437810945274,17907,0.5396825396825397,0.4603174603174603,16073,0.47623966942148754,0.5237603305785123,16823,0.4476861167002012,0.5523138832997988,17902,0.5291113381001021,0.47088866189989786,17153,0.49897540983606564,0.5010245901639344,16686,0.3939393939393939,0.6060606060606061,16571,-0.10874105641060605,-0.08989443991093121,-0.279395308862069,-0.1250862646432161,0.07057739678672031,0.014352765167547243,0.09273595409853963,0.06793586685648756,-0.013298296593798775,-0.005437852516897879,-0.04837722336193434,-0.0950236356388956,-0.1179250573300692,-0.14078126394407775,-0.16359243366859744,-0.18635874364002802,-0.2090803699517778,16905.428571428572,16920.07142857143,16917.14285714286,16914.214285714286,16911.285714285714,16908.357142857145
6,Calhoun,0.531850353892821,0.4681496461071789,2943,0.4312306101344364,0.5687693898655636,2895,0.4668008048289738,0.5331991951710261,3107,0.5546639919759279,0.44533600802407225,2790,0.6707920792079207,0.32920792079207917,2803,0.6405529953917051,0.35944700460829493,3013,0.5158974358974359,0.48410256410256414,2602,0.5090725806451613,0.49092741935483875,2706,0.5383828045035824,0.4616171954964176,2706,0.4284253578732106,0.5715746421267893,2576,0.30020920502092047,0.6997907949790795,2571,-0.2024712453290795,0.03102473989282095,-0.1822164228655636,-0.029139731171026195,0.17252509097592789,0.1602692224849207,0.19360640980770505,0.10759363333243588,0.04808816735116128,0.003833613886582432,-0.11892727532478936,-0.20253941271630538,-0.25730925118406844,-0.3119709556457053,-0.36652495224555537,-0.42097166461374513,-0.47531151388602666,2326.738095238095,2534.178571428571,2492.690476190476,2451.2023809523807,2409.7142857142853,2368.2261904761904
7,Carroll,0.39979757085020245,0.6002024291497976,8526,0.29711751662971175,0.7028824833702882,8023,0.3139418254764293,0.6860581745235708,7658,0.40120967741935487,0.5987903225806452,7512,0.4644194756554308,0.5355805243445693,7679,0.49086757990867586,0.5091324200913242,6799,0.44834710743801653,0.5516528925619835,7177,0.438508064516129,0.561491935483871,8135,0.5244399185336048,0.4755600814663951,7693,0.5076923076923077,0.49230769230769234,7406,0.35567567567567565,0.6443243243243243,7445,-0.14700477467432432,-0.10102804314979758,-0.3163295163702883,-0.1819987105235707,0.019070776419354896,-0.04610338106756923,0.04392099432467583,0.04004330487301655,-0.02247634877787097,-0.010109272083395182,-0.03966032550569232,-0.09250949135157072,-0.10845223420877659,-0.12436350075159908,-0.1402434150247842,-0.1560921003411906,-0.1719096792876229,7685.0,7577.5,7599.0,7620.5,7642.0,7663.5
8,Cass,0.5045226130653266,0.49547738693467336,7144,0.3908523908523909,0.6091476091476091,6770,0.4608433734939759,0.5391566265060241,6399,0.5321931589537223,0.4678068410462776,6267,0.5968712394705175,0.4031287605294826,6447,0.5611672278338945,0.43883277216610556,5667,0.48463114754098363,0.5153688524590164,5899,0.4405241935483871,0.5594758064516129,5700,0.5066530194472876,0.4933469805527124,5432,0.43135245901639346,0.5686475409836066,4878,0.3347457627118644,0.6652542372881355,5124,-0.16793468763813557,0.0036969990653266116,-0.22259464214760916,-0.03509716250602407,0.15005425795372235,0.08634838274751744,0.11422064224989448,0.07632734497598365,-0.02046021974561285,-0.027896171169712436,-0.11600017418160652,-0.18889646154076445,-0.23320805438851266,-0.27743216130991755,-0.32156912707753804,-0.3656192944297061,-0.4095830040867554,3782.404761904762,4779.428571428572,4580.023809523809,4380.619047619048,4181.214285714286,3981.809523809524
9,Champaign,0.43782117163412126,0.5621788283658787,63107,0.3870192307692308,0.6129807692307692,65360,0.40986908358509566,0.5901309164149042,66925,0.4717741935483871,0.528225806451613,63499,0.5637254901960784,0.43627450980392163,76092,0.5350109409190371,0.4649890590809628,66429,0.5063559322033898,0.49364406779661013,74285,0.5101214574898786,0.4898785425101215,82434,0.5895598771750256,0.41044012282497444,84408,0.5361570247933884,0.46384297520661155,78609,0.6004390779363338,0.39956092206366634,91628,0.0977586275863338,-0.06300444236587877,-0.22642780223076925,-0.08607145241490433,0.08963529254838715,0.05320263347307841,0.08806435533503709,0.09805212963838983,0.04913704419587861,0.055010686558025546,-0.011195608404611535,0.04287579898289451,0.03800104496401602,0.03313591534235982,0.028280372189215086,0.02343437779966706,0.018597894690788763,107886.72619047618,91721.60714285714,94954.63095238095,98187.65476190476,101420.67857142858,104653.70238095238
10,Christian,0.555668016194332,0.444331983805668,16960,0.4302083333333333,0.5697916666666667,16036,0.46934673366834173,0.5306532663316582,16152,0.5407854984894259,0.45921450151057397,15436,0.6400996264009963,0.35990037359900373,17590,0.5719178082191781,0.42808219178082196,14837,0.4742268041237113,0.5257731958762887,14771,0.4032258064516129,0.5967741935483871,15267,0.4676923076923077,0.5323076923076923,15155,0.38217213114754095,0.617827868852459,14727,0.2747603833865815,0.7252396166134185,15477,-0.2279200669634185,0.05484240219433201,-0.18323869966666673,-0.026593802331658256,0.15864659748942594,0.12957676967799625,0.12497122263517813,0.06592300155871134,-0.057758606842387095,-0.06685688292469233,-0.16518050205045903,-0.2652493481049589,-0.3227389628140145,-0.3801150737676835,-0.43737812827188804,-0.4945285709934524,-0.5515668439810781,13984.988095238095,14733.678571428572,14583.940476190477,14434.202380952382,14284.464285714286,14134.72619047619
11,Clark,0.47437185929648246,0.5256281407035176,8622,0.34235171696149846,0.6576482830385016,8666,0.3634538152610442,0.6365461847389559,8382,0.4206827309236948,0.5793172690763053,7811,0.5122549019607843,0.4877450980392157,7979,0.46786922209695603,0.532130777903044,7220,0.4,0.6,7512,0.3611670020120724,0.6388329979879275,8007,0.45918367346938777,0.5408163265306123,8312,0.33537206931702346,0.6646279306829767,7886,0.2505285412262156,0.7494714587737843,7928,-0.2521519091237844,-0.026453754703517574,-0.27109531603850157,-0.1324867207389558,0.03854382992369482,0.0017320452377842521,0.020922636512956005,-0.008303802564999962,-0.09981741128192756,-0.07536551714761225,-0.21198056388097652,-0.25920896912870717,-0.300248443826689,-0.34120689285558115,-0.3820846355287415,-0.4228819892755098,-0.4635992696562994,8298.392857142857,8052.857142857142,8101.964285714285,8151.071428571428,8200.17857142857,8249.285714285714
12,Clay,0.4984924623115578,0.5015075376884423,7729,0.3677685950413223,0.6322314049586777,7266,0.35606820461384153,0.6439317953861585,7104,0.44176706827309237,0.5582329317269077,6279,0.545343137254902,0.4546568627450981,6652,0.5045662100456622,0.4954337899543379,6228,0.3687436159346272,0.6312563840653728,6135,0.3226130653266332,0.6773869346733669,6554,0.3818737270875764,0.6181262729124236,6466,0.2743091095189355,0.7256908904810645,5908,0.16911764705882357,0.8308823529411765,6350,-0.3335628032911764,-0.0023331516884422254,-0.24567843795867772,-0.13987233138615845,0.05962816727309239,0.034820280531902004,0.05761962446166213,-0.03956018663037281,-0.13837134796736678,-0.15267546352942363,-0.2730435236790645,-0.36614640566153867,-0.42530904658656254,-0.48435488064205856,-0.5432843681512054,-0.6020979667212032,-0.6607961312649593,6085.130952380952,6209.535714285714,6184.6547619047615,6159.773809523809,6134.892857142857,6110.011904761905
13,Clinton,0.4641051567239636,0.5358948432760363,13671,0.34486373165618445,0.6551362683438154,13593,0.33400200601805413,0.6659979939819459,13899,0.43618090452261304,0.563819095477387,13680,0.5368020304568528,0.46319796954314724,15822,0.5017064846416383,0.4982935153583617,13844,0.42813141683778233,0.5718685831622177,15427,0.3993963782696177,0.6006036217303823,17131,0.45010183299389006,0.5498981670061099,17314,0.3472931562819203,0.6527068437180796,16481,0.24068157614483493,0.759318423855165,17419,-0.26199887420516504,-0.036720457276036456,-0.2685833013438156,-0.16193852998194586,0.05404200352261307,0.0262791737338528,0.05475989905763823,0.019827614272782346,-0.06158803502438226,-0.08444735762310995,-0.20005947691607967,-0.2616985992231946,-0.30696419666358565,-0.35214042465304374,-0.39722763538688355,-0.4422261789823949,-0.4871364034954411,20592.47619047619,18117.35714285714,18612.380952380954,19107.404761904763,19602.428571428572,20097.45238095238
14,Coles,0.43897435897435894,0.561025641025641,20162,0.35982339955849896,0.6401766004415012,20671,0.3376884422110553,0.6623115577889448,21295,0.43001007049345413,0.5699899295065458,19504,0.5375796178343949,0.46242038216560505,22300,0.5266742338251986,0.47332576617480143,19298,0.45906735751295336,0.5409326424870466,20093,0.42381432896064586,0.5761856710393543,22780,0.5163265306122449,0.4836734693877551,23153,0.4430769230769231,0.5569230769230769,21437,0.3596112311015119,0.6403887688984882,21918,-0.1430692192484881,-0.061851255025641094,-0.2536236334415011,-0.15825209378894467,0.04787116949345416,0.027056761111394878,0.0797276482411986,0.05076355494795337,-0.037170084333354114,-0.018222660004755142,-0.10427571012107689,-0.13887014645408158,-0.16684078452287565,-0.19475619918343057,-0.22261660806520922,-0.2504222275136243,-0.27817327260027014,24345.285714285714,22747.964285714286,23067.428571428572,23386.892857142855,23706.35714285714,24025.821428571428
15,Cook,0.5443425076452599,0.4556574923547401,1209748,0.5676855895196506,0.4323144104803494,1163097,0.5130784708249496,0.48692152917505027,180735,0.5625,0.43750000000000006,1026144,0.673611111111111,0.32638888888888884,1146655,0.7144385026737967,0.28556149732620323,726666,0.705761316872428,0.29423868312757206,865907,0.7069486404833837,0.2930513595166163,1049434,0.7696969696969698,0.23030303030303031,1137466,0.7502538071065991,0.24974619289340103,1014819,0.7803590285110876,0.21964097148891235,1180344,0.27767857816108765,0.0435168936452599,-0.045761443480349384,0.01713793482494963,0.18036109900000002,0.16308825438811103,0.2674919170897967,0.29745751430742806,0.2459642271893837,0.23514777907996975,0.20290117390859908,0.27290212426841265,0.28154259217762956,0.29016600090909606,0.29877241769117546,0.3073619093555777,0.3159345423405213,1226088.8571428573,1116794.392857143,1138653.2857142857,1160512.1785714286,1182371.0714285714,1204229.9642857143
16,Crawford,0.4752774974772957,0.5247225025227044,10622,0.3637316561844864,0.6362683438155137,9710,0.3333333333333333,0.6666666666666666,9424,0.4179254783484391,0.5820745216515609,8571,0.5236270753512133,0.4763729246487867,9671,0.4776632302405498,0.5223367697594501,8693,0.40122824974411464,0.5987717502558854,8500,0.3440643863179075,0.6559356136820925,9332,0.4335378323108384,0.5664621676891616,9153,0.3384458077709611,0.6615541922290388,8633,0.24101479915433405,0.758985200845666,8739,-0.2616656511956659,-0.025548116522704334,-0.24971537681551365,-0.16260720266666667,0.0357865773484391,0.013104218628213316,0.030716644656549774,-0.007075552820885345,-0.1169200269760925,-0.10101135830616159,-0.20890682542703887,-0.27430502059482365,-0.31786155727075993,-0.36133209875413286,-0.4047169839427056,-0.448016549734632,-0.49123113104448635,8707.70238095238,8814.964285714284,8793.511904761905,8772.059523809523,8750.607142857143,8729.154761904761
17,Cumberland,0.5223123732251521,0.47768762677484794,5344,0.37486910994764394,0.625130890052356,5289,0.3661971830985915,0.6338028169014084,4762,0.41649899396378265,0.5835010060362172,4600,0.5314136125654451,0.4685863874345549,5202,0.4698224852071006,0.5301775147928994,4469,0.3868312757201646,0.6131687242798354,4975,0.34747474747474744,0.6525252525252525,5416,0.39446721311475413,0.6055327868852459,5339,0.31860226104830425,0.6813977389516958,5295,0.19680851063829788,0.8031914893617021,5571,-0.3058719397117021,0.021486759225152086,-0.2385779230523561,-0.12974335290140848,0.034360092963782674,0.02089075584244504,0.022875899623100604,-0.02147252684483536,-0.11350966581925254,-0.14008197750224588,-0.22875037214969574,-0.31615621086675105,-0.36576199250251307,-0.4152698357100064,-0.46468012645391354,-0.5139932484217695,-0.5632095830419246,6274.72619047619,5660.857142857143,5783.630952380952,5906.4047619047615,6029.178571428571,6151.952380952381
18,De Witt,0.38779731127197514,0.6122026887280249,30728,0.3529411764705882,0.6470588235294118,30365,0.35045317220543803,0.649546827794562,31465,0.4074446680080483,0.5925553319919517,29190,0.5201037613488976,0.4798962386511025,34232,0.5068181818181818,0.49318181818181817,28527,0.46305931321540067,0.5369406867845994,33233,0.47777777777777775,0.5222222222222223,40768,0.5852911133810009,0.41470888661899896,44974,0.5282631038026722,0.47173689619732784,41241,0.5170893054024256,0.48291069459757446,43600,0.014408855052425618,-0.11302830272802489,-0.26050585652941183,-0.14548736379456195,0.02530576700804832,0.009580904625897557,0.05987159623418181,0.054755510650400685,0.016793364483777773,0.05074192276400091,-0.01908952939532782,0.011374924091331451,0.008025845995074832,0.004683380100745538,0.0013475003503717886,-0.0019818191602691826,-0.005304604182882144,58774.369047619046,47298.71428571429,49593.84523809524,51888.97619047618,54184.107142857145,56479.23809523809
19,DeKalb,0.45674044265593555,0.5432595573440644,7666,0.32731137088204043,0.6726886291179597,7344,0.3413654618473896,0.6586345381526104,6915,0.4028197381671702,0.5971802618328298,6645,0.48743718592964824,0.5125628140703518,7759,0.4915635545556805,0.5084364454443194,6589,0.4195876288659794,0.5804123711340206,7051,0.3658291457286432,0.6341708542713568,7798,0.4319344933469806,0.5680655066530195,7831,0.36242299794661187,0.6375770020533881,7368,0.2735135135135135,0.7264864864864865,7556,-0.22916693683648648,-0.04408517134406448,-0.2861356621179596,-0.1545750741526104,0.02068083716717023,-0.023085670793351776,0.04461696897168049,0.011283826300979405,-0.09515526756535675,-0.10261469727001943,-0.1849296352513881,-0.2355377109867618,-0.27212569386719565,-0.3086414398143802,-0.3450852335062109,-0.38145735794100233,-0.41775809445076106,8330.607142857143,7801.142857142857,7907.035714285715,8012.928571428572,8118.821428571429,8224.714285714286
20,Douglas,0.4521651560926485,0.5478348439073515,8522,0.3245798319327731,0.6754201680672269,8294,0.33634538152610444,0.6636546184738955,8604,0.4211055276381909,0.578894472361809,7598,0.5024875621890547,0.49751243781094523,8276,0.47409909909909903,0.5259009009009009,7013,0.40410256410256407,0.5958974358974359,8152,0.3266129032258065,0.6733870967741936,8540,0.3920570264765784,0.6079429735234216,8379,0.31326530612244896,0.686734693877551,7921,0.25509110396570206,0.744908896034298,8195,-0.24758934638429791,-0.04866045790735152,-0.2888672010672269,-0.15959515447389555,0.03896662663819095,-0.008035294533945359,0.027152513515099008,-0.004201238462435919,-0.13437151006819348,-0.1424921641404216,-0.23408732707555102,-0.28958575330926806,-0.33406835332402807,-0.3784631297870362,-0.4227704288013854,-0.466990594428097,-0.5111239687024067,8788.47619047619,8378.357142857143,8460.380952380952,8542.404761904761,8624.42857142857,8706.452380952382
21,DuPage,0.2914521112255407,0.7085478887744593,254547,0.2743764172335601,0.7256235827664399,284749,0.2391959798994975,0.7608040201005025,300215,0.30181086519114686,0.6981891348088531,314054,0.3911392405063291,0.6088607594936709,370987,0.4410143329658214,0.5589856670341786,324486,0.431513903192585,0.5684860968074151,364362,0.4516129032258065,0.5483870967741936,402446,0.554766734279919,0.44523326572008115,417973,0.5055951169888098,0.4944048830111902,401081,0.579062159214831,0.42093784078516905,430674,0.07638170886483098,-0.20937350277445932,-0.33907061576643993,-0.2567445561005025,-0.08032803580885312,-0.11938361621667093,-0.005932252618178646,0.023210100627584995,-0.009371510068193478,0.020217543662918946,-0.041757516209190215,0.06465541554956644,0.0827077191026433,0.1007243813619425,0.11870554278591783,0.13665134300433124,0.15456192082480413,523625.40476190473,447116.1785714286,462418.0238095238,477719.86904761905,493021.7142857143,508323.5595238095
22,Edgar,0.4641051567239636,0.5358948432760363,11021,0.3385744234800838,0.6614255765199161,10515,0.32228915662650603,0.677710843373494,10099,0.4120603015075377,0.5879396984924623,9459,0.5143929912390488,0.48560700876095114,9776,0.48691695108077354,0.5130830489192264,8302,0.39979550102249484,0.600204498977505,8232,0.37033299697275485,0.6296670030272452,8429,0.4598168870803662,0.5401831129196337,8284,0.3329938900203666,0.6670061099796334,7835,0.24097664543524414,0.7590233545647558,7899,-0.26170380491475587,-0.036720457276036456,-0.2748726095199162,-0.17365137937349395,0.02992140050753772,0.0038701345160487843,0.03997036549677352,-0.008508301542505148,-0.09065141632124513,-0.07473230353663379,-0.21435874317763337,-0.26190795149511814,-0.3038254697786158,-0.34566022884087033,-0.387412554826966,-0.42908277195775213,-0.4706712025450486,6210.583333333333,7429.75,7185.916666666666,6942.083333333333,6698.25,6454.416666666666
23,Edwards,0.4090909090909091,0.5909090909090909,4066,0.2898852971845673,0.7101147028154328,3751,0.275827482447342,0.724172517552658,3845,0.3551307847082495,0.6448692152917505,3450,0.4479804161566707,0.5520195838433293,3552,0.4029850746268657,0.5970149253731344,3103,0.30643513789581206,0.693564862104188,3260,0.2779456193353474,0.7220543806646526,3364,0.3476923076923077,0.6523076923076924,3362,0.23901940755873338,0.7609805924412666,3228,0.13547052740434334,0.8645294725956567,3324,-0.36720992294565663,-0.09173470490909091,-0.32356173581543274,-0.22011305355265798,-0.027008116291750484,-0.0625424405663293,-0.0439615109571343,-0.10186866466918792,-0.18303879395865258,-0.18685688292469232,-0.3083332256392666,-0.379987964736074,-0.4285284511279883,-0.4769731023413044,-0.5253222960519963,-0.5735764077077761,-0.621735810545772,3147.0476190476193,3243.535714285714,3224.2380952380954,3204.940476190476,3185.6428571428573,3166.345238095238
24,Effingham,0.4525993883792049,0.5474006116207951,13391,0.3170984455958549,0.6829015544041451,13808,0.285140562248996,0.7148594377510041,13504,0.35045317220543803,0.649546827794562,13066,0.45265888456549935,0.5473411154345007,14981,0.3854875283446712,0.6145124716553289,14204,0.3004115226337448,0.6995884773662551,14485,0.2719033232628399,0.7280966767371602,16278,0.31739572736520855,0.6826042726347914,16880,0.23577235772357721,0.7642276422764227,16613,0.1842931937172775,0.8157068062827225,17514,-0.3183872566327225,-0.04822622562079515,-0.2963485874041451,-0.210799973751004,-0.03168572879456194,-0.057863972157500665,-0.06145905723932882,-0.10789227993125516,-0.18908109003116008,-0.21715346325179147,-0.3115802754744228,-0.3659990325886895,-0.41105727070376474,-0.45602654876466886,-0.5009072173533013,-0.5456996249831434,-0.5904041181156003,21057.52380952381,18133.89285714286,18718.619047619046,19303.345238095237,19888.071428571428,20472.79761904762
25,Fayette,0.5035246727089627,0.49647532729103727,10255,0.3562628336755647,0.6437371663244353,10408,0.36773547094188375,0.6322645290581161,10473,0.4593781344032096,0.5406218655967904,10118,0.5793939393939394,0.42060606060606065,10118,0.5005662514156285,0.4994337485843714,8792,0.42754367934224047,0.5724563206577594,9338,0.37777777777777777,0.6222222222222222,9549,0.41948717948717945,0.5805128205128205,9708,0.3244626407369498,0.6755373592630501,9012,0.19812304483837329,0.8018769551616267,9591,-0.3045574055116267,0.0026990587089626983,-0.2571841993244353,-0.12820506505811624,0.07723923340320965,0.06887108267093933,0.05361966583162847,0.019239876777240483,-0.0832066355162222,-0.11506201112982056,-0.22288999246105018,-0.31628977427934046,-0.37212858618414657,-0.4278571535711819,-0.48347591090214337,-0.5389852900753169,-0.5943857204460699,8820.27380952381,9192.892857142857,9118.369047619048,9043.845238095239,8969.32142857143,8894.79761904762
26,Ford,0.3588709677419355,0.6411290322580645,7553,0.2642706131078224,0.7357293868921776,7214,0.2660642570281125,0.7339357429718876,6663,0.3329969727547932,0.6670030272452069,6145,0.4168734491315137,0.5831265508684864,6481,0.40179573512906847,0.5982042648709316,5770,0.34979423868312753,0.6502057613168725,6153,0.2976791120080727,0.7023208879919274,6479,0.3532994923857868,0.6467005076142133,6400,0.28147389969293757,0.7185261003070624,6024,0.23995656894679698,0.760043431053203,6396,-0.262723881403203,-0.14195464625806453,-0.3491764198921776,-0.2298762789718875,-0.0491419282452068,-0.09364940759148632,-0.04515085045493156,-0.05850956388187245,-0.1633053012859273,-0.18124969823121323,-0.2658787335050624,-0.2930737502400689,-0.3268760874501311,-0.3606116875245391,-0.3942808134671054,-0.4278837267299025,-0.46142068722554086,6421.9047619047615,6321.428571428572,6341.523809523809,6361.619047619048,6381.714285714285,6401.809523809524
27,Franklin,0.6335341365461847,0.36646586345381527,20324,0.49222797927461137,0.5077720207253886,19856,0.5245737211634905,0.47542627883650956,20377,0.5893574297188756,0.4106425702811245,18783,0.6984687868080094,0.30153121319199055,21481,0.6471935853379153,0.3528064146620848,17358,0.5457348406988695,0.4542651593011305,19212,0.45921450151057397,0.5407854984894259,19352,0.48568507157464214,0.5143149284253579,18714,0.41411042944785276,0.5858895705521472,17914,0.26519916142557654,0.7348008385744235,18711,-0.23748128892442344,0.1327085225461847,-0.12121905372538866,0.02863318516349056,0.20721852871887564,0.18794593008500937,0.20024699975391524,0.13743103813386948,-0.0017699117834260036,-0.04886411904235788,-0.13324220375014723,-0.26021766585861883,-0.3262567851325002,-0.39216552106532276,-0.45794438748364996,-0.5235938951824721,-0.5891145519492227,17342.47619047619,18183.607142857145,18015.380952380954,17847.154761904763,17678.928571428572,17510.70238095238
28,Fulton,0.4929292929292929,0.5070707070707071,19090,0.4206602768903088,0.5793397231096911,18957,0.49949748743718597,0.5005025125628141,18377,0.563691073219659,0.436308926780341,16108,0.6574850299401197,0.34251497005988024,17701,0.6322869955156951,0.36771300448430494,15706,0.563076923076923,0.4369230769230769,16277,0.5372983870967742,0.46270161290322587,17035,0.609007164790174,0.39099283520982603,16369,0.5567010309278351,0.44329896907216493,15411,0.41900647948164144,0.5809935205183585,15797,-0.08367397086835854,-0.007896321070707146,-0.1927867561096912,0.0035569514371859845,0.18155217221965897,0.14696217321711968,0.1853404099316951,0.15477312051192305,0.07631397380277427,0.07445797417317401,0.00934839772983509,-0.0645675167962736,-0.09938076176823074,-0.13412527373401417,-0.1688013235629171,-0.20340918052613688,-0.2379491123093942,15070.023809523807,15717.642857142855,15588.119047619046,15458.595238095237,15329.071428571428,15199.547619047618
29,Gallatin,0.6349047141424273,0.3650952858575727,4123,0.49691991786447637,0.5030800821355236,3466,0.5270541082164328,0.4729458917835671,4112,0.608257804632427,0.391742195367573,4063,0.7053990610328639,0.2946009389671362,3944,0.7112426035502959,0.2887573964497041,3513,0.5415384615384615,0.4584615384615385,3558,0.4929292929292929,0.5070707070707071,3225,0.5671794871794872,0.43282051282051287,2872,0.40816326530612246,0.5918367346938775,2573,0.253125,0.7468750000000001,2707,-0.24955545034999999,0.1340791001424273,-0.11652711513552366,0.03111357221643285,0.22611890363242698,0.19487620430986385,0.26429601796629587,0.13323465897346154,0.03194487963529291,0.03263029656248717,-0.13918936789187752,-0.24749737984734566,-0.31577463226528835,-0.3839170825177689,-0.45192526184536064,-0.5197996983544044,-0.5875409170417925,1202.9642857142862,2310.2857142857147,2088.821428571429,1867.3571428571431,1645.8928571428578,1424.428571428572
30,Greene,0.5227043390514632,0.4772956609485368,7827,0.3816475495307612,0.6183524504692387,7120,0.3869346733668342,0.6130653266331658,6655,0.49043303121852966,0.5095669687814702,6203,0.569620253164557,0.43037974683544306,7032,0.5494636471990465,0.45053635280095344,5934,0.4430769230769231,0.5569230769230769,5767,0.40826612903225806,0.591733870967742,6068,0.46201232032854206,0.5379876796714579,5826,0.36972193614830073,0.6302780638516994,5637,0.2254697286012526,0.7745302713987473,5585,-0.2772107217487474,0.021878725051463155,-0.23179948346923884,-0.1090058626331658,0.10829413021852968,0.05909739644155698,0.10251706161504648,0.034773120511923106,-0.05271828426174191,-0.07253687028845796,-0.17763069704969925,-0.2742831742259,-0.32723228270165805,-0.380076851902146,-0.4328172938052717,-0.4854540179582898,-0.5379874314969868,4725.809523809524,5399.857142857143,5265.047619047618,5130.238095238095,4995.428571428572,4860.619047619048
31,Grundy,0.4219536757301108,0.5780463242698892,13201,0.32123799359658484,0.6787620064034151,13204,0.3273092369477912,0.6726907630522089,14325,0.3873239436619718,0.6126760563380281,14361,0.4908616187989557,0.5091383812010444,16265,0.5224395857307249,0.477560414269275,14902,0.46319018404907975,0.5368098159509203,16584,0.4304435483870968,0.5695564516129032,19831,0.5086823289070479,0.491317671092952,22232,0.4543589743589743,0.5456410256410257,21313,0.3747300215982722,0.6252699784017279,23237,-0.1279504287517278,-0.07887193826988925,-0.2922090394034152,-0.1686312990522088,0.005185042661971839,-0.01966123792404434,0.07549300014672489,0.05488638148407976,-0.030540864906903165,-0.025866861709952116,-0.09299365883902566,-0.1101831227143748,-0.13005138417807416,-0.14988041903882277,-0.16967038188441563,-0.18942142639053827,-0.20913370532807107,31326.166666666664,24623.25,25963.833333333332,27304.416666666664,28645.0,29985.583333333332
32,Hamilton,0.5547738693467337,0.4452261306532663,5498,0.3798126951092612,0.6201873048907388,5456,0.4226907630522089,0.5773092369477912,5346,0.4994984954864594,0.5005015045135407,5256,0.629090909090909,0.3709090909090909,4974,0.571921749136939,0.428078250863061,4509,0.4357656731757451,0.5642343268242549,4587,0.40606060606060607,0.5939393939393939,4514,0.43285123966942146,0.5671487603305785,4284,0.3309352517985612,0.6690647482014388,3941,0.2002074688796681,0.799792531120332,4156,-0.30247298147033186,0.05394825534673364,-0.23363433789073884,-0.07324977294779111,0.11735959448645944,0.11856805236790902,0.12497516355293903,0.02746187061074512,-0.054923807233393906,-0.10169795094757855,-0.21641738139943878,-0.32280457680994346,-0.3861412013303891,-0.4493527781395983,-0.5124398000370434,-0.5754027569145705,-0.6382421357796773,2988.059523809524,3798.3571428571427,3636.297619047619,3474.2380952380954,3312.1785714285716,3150.1190476190477
33,Hancock,0.4393939393939394,0.5606060606060606,10881,0.348326359832636,0.6516736401673641,10585,0.37248995983935745,0.6275100401606426,10001,0.5090725806451613,0.49092741935483875,9378,0.5311308767471411,0.468869123252859,10069,0.5023041474654377,0.49769585253456217,9178,0.4530443756449948,0.5469556243550051,9691,0.405241935483871,0.594758064516129,9899,0.445010183299389,0.554989816700611,9469,0.4091836734693878,0.5908163265306122,9111,0.25,0.75,9121,-0.25268045035,-0.06143167460606064,-0.26512067316736404,-0.12345057616064253,0.12693367964516128,0.020608020024141083,0.0553575618814377,0.044740573079994794,-0.055742477810128976,-0.089539007317611,-0.1381689597286122,-0.24881787166663116,-0.2957845999170843,-0.34265860011458926,-0.3894402376903372,-0.4361298759194483,-0.48272787593808175,8866.57142857143,9194.428571428572,9128.857142857143,9063.285714285716,8997.714285714286,8932.142857142859
34,Hardin,0.5347432024169184,0.4652567975830815,3017,0.43282051282051287,0.5671794871794872,3114,0.4164164164164164,0.5835835835835835,2899,0.464859437751004,0.535140562248996,2824,0.6287425149700598,0.3712574850299401,3173,0.6262376237623762,0.37376237623762376,2617,0.46432264736297835,0.5356773526370218,2637,0.3809045226130653,0.6190954773869347,2437,0.4012219959266803,0.5987780040733198,2262,0.3254861821903787,0.6745138178096213,2330,0.2028985507246377,0.7971014492753624,2148,-0.2997818996253623,0.03391758841691839,-0.18062652017948716,-0.07952411958358357,0.08272053675100405,0.11821965824705982,0.17929103817837622,0.05601884479797836,-0.08007989068093468,-0.13332719469031973,-0.22186645100762126,-0.3282720599400477,-0.3924939595073056,-0.4565890635338974,-0.5205578717072115,-0.5844008807665659,-0.6481185845264577,1398.5714285714284,2006.4285714285713,1884.8571428571427,1763.2857142857142,1641.7142857142856,1520.142857142857
35,Henderson,0.493427704752275,0.506572295247725,4407,0.3972746331236897,0.6027253668763103,4246,0.4623115577889447,0.5376884422110553,4278,0.5470941883767535,0.45290581162324645,3821,0.605359317904994,0.3946406820950061,4048,0.6129398410896709,0.3870601589103292,3619,0.5429162357807652,0.45708376421923474,3866,0.5498489425981873,0.45015105740181266,4153,0.5897959183673469,0.4102040816326531,3829,0.5618661257606491,0.43813387423935096,3568,0.3485653560042508,0.6514346439957492,3518,-0.15411509434574916,-0.007397909247725043,-0.21617239987631032,-0.03362897821105526,0.16495528737675352,0.09483646118199396,0.1659932555056709,0.13461243321576521,0.08886452930418731,0.05524672775034689,0.01451349256264911,-0.09009666861393839,-0.12557396719600433,-0.16098122170765805,-0.1963187081849469,-0.23158670103532586,-0.266785473050561,3395.154761904762,3609.678571428571,3566.773809523809,3523.8690476190477,3480.9642857142853,3438.059523809524
36,Henry,0.4331983805668016,0.5668016194331984,22934,0.35522066738428415,0.6447793326157157,24206,0.42427281845536613,0.575727181544634,25262,0.5050200803212851,0.49497991967871485,23048,0.5521844660194174,0.4478155339805825,24371,0.5720670391061453,0.42793296089385474,21897,0.5226337448559671,0.47736625514403297,23470,0.4738430583501006,0.5261569416498993,25241,0.5391658189216684,0.46083418107833163,24849,0.5153061224489796,0.4846938775510204,24405,0.3880597014925373,0.6119402985074627,24365,-0.11462074885746265,-0.06762723343319843,-0.2582263656157159,-0.07166771754463386,0.12288117932128512,0.04166160929641738,0.1251204535221453,0.11432994229096716,0.012858645056100626,0.004616628304668358,-0.03204651074902043,-0.09871320947169693,-0.1280874046388334,-0.1574036053059018,-0.18666204002292375,-0.2158629359914812,-0.24500651907537474,26219.464285714286,25028.035714285714,25266.321428571428,25504.607142857145,25742.89285714286,25981.178571428572
37,Iroquois,0.3380566801619433,0.6619433198380567,15481,0.22980062959076597,0.7701993704092339,15327,0.22590361445783133,0.7740963855421686,14685,0.30552763819095474,0.6944723618090451,13886,0.3903061224489796,0.6096938775510203,14530,0.41008018327605955,0.5899198167239404,12737,0.3364102564102564,0.6635897435897437,13424,0.27867203219315895,0.721327967806841,13835,0.34831460674157305,0.6516853932584269,13624,0.2719836400817996,0.7280163599182004,12811,0.20427807486631017,0.7957219251336899,13102,-0.2984023754836898,-0.16276893383805674,-0.38364640340923406,-0.27003692154216863,-0.07661126280904523,-0.12021673427402041,-0.03686640230794047,-0.07189354615474358,-0.18231238110084103,-0.18623458387542696,-0.2753689931162004,-0.310010589054599,-0.344011543539267,-0.3779453687512273,-0.41181232923969446,-0.4456126879929627,-0.4793467064508832,12248.333333333334,12903.75,12772.666666666666,12641.583333333334,12510.5,12379.416666666666
38,Jackson,0.5600835945663531,0.4399164054336468,24122,0.49484536082474223,0.5051546391752577,23829,0.4702920443101712,0.5297079556898288,25896,0.5393145161290323,0.46068548387096775,21185,0.6598311218335343,0.34016887816646557,24434,0.6221973094170403,0.3778026905829597,22011,0.5454545454545454,0.45454545454545453,23090,0.5612968591691997,0.4387031408308004,25826,0.6115107913669064,0.3884892086330935,25617,0.5748440748440748,0.4251559251559252,24104,0.5180722891566265,0.4819277108433735,24617,0.015391838806626534,0.05925798056635312,-0.1186016721752578,-0.0256484916898288,0.15717561512903228,0.1493082651105343,0.1752507238330403,0.13715074288954543,0.10031244587519972,0.07696160074990643,0.027491441646074866,0.0017155511590516426,-0.021058430275118667,-0.043787448241872085,-0.06647167993732239,-0.08911130151214763,-0.11170648807986083,27923.785714285714,25785.214285714286,26212.928571428572,26640.642857142855,27068.35714285714,27496.071428571428
39,Jasper,0.4979716024340771,0.502028397565923,5650,0.34235171696149846,0.6576482830385016,5612,0.32293762575452717,0.6770623742454728,5454,0.4134808853118712,0.5865191146881287,5189,0.5339308578745199,0.4660691421254802,5480,0.4774044032444959,0.522595596755504,4951,0.36761710794297353,0.6323828920570265,5021,0.335678391959799,0.6643216080402009,5336,0.41044012282497444,0.5895598771750256,5142,0.29022403258655805,0.709775967413442,5043,0.18873826903023982,0.8112617309697601,5112,-0.31394218131976015,-0.0028540115659229093,-0.27109531603850157,-0.17300291024547282,0.03134198431187124,0.023408001151519864,0.03045781766049588,-0.040686694622026454,-0.125306021334201,-0.12410906779202557,-0.25712860061144194,-0.33010088184084907,-0.38155967725722917,-0.43291687577544735,-0.484172877777894,-0.5353280812846037,-0.5863828819720993,4951.607142857143,5060.892857142858,5039.035714285715,5017.178571428572,4995.321428571428,4973.464285714286
40,Jefferson,0.5478348439073515,0.4521651560926485,16520,0.42990654205607476,0.5700934579439252,16340,0.4272818455366098,0.5727181544633901,16885,0.5035175879396985,0.49648241206030147,15426,0.6119402985074627,0.38805970149253727,17597,0.5505107832009081,0.449489216799092,14981,0.44433094994892747,0.5556690500510725,15360,0.39798994974874374,0.6020100502512563,16948,0.4450154162384378,0.5549845837615622,17221,0.3829568788501026,0.6170431211498973,16320,0.2742616033755274,0.7257383966244726,16999,-0.22841884697447257,0.04700922990735146,-0.18354049094392527,-0.06865869046339018,0.1213786869396985,0.10141744178446266,0.10356419761690805,0.03602714738392748,-0.06299446354525623,-0.08953377437856219,-0.16439575434789738,-0.26071263987469706,-0.3132173502566218,-0.3656183987539805,-0.41791619388695267,-0.47011114176549995,-0.5222036461083519,17819.27380952381,17049.39285714286,17203.36904761905,17357.345238095237,17511.321428571428,17665.29761904762
41,Jersey,0.5196770938446015,0.48032290615539863,8983,0.3870292887029289,0.6129707112970711,8985,0.4222668004012036,0.5777331995987964,8934,0.5020080321285141,0.497991967871486,8752,0.6181102362204725,0.38188976377952755,10093,0.5714285714285714,0.42857142857142855,8766,0.48128898128898134,0.5187110187110188,9413,0.45803842264914046,0.5419615773508595,10137,0.4861821903787103,0.5138178096212896,10615,0.3779608650875387,0.6220391349124614,10001,0.25711275026343516,0.7428872497365647,10991,-0.2455677000865648,0.01885147984460145,-0.22641774429707112,-0.07367373559879636,0.1198691311285141,0.10758737949747244,0.12448198584457137,0.07298517872398136,-0.0029459906448595086,-0.048367000238289715,-0.1693917681104613,-0.24727610738381145,-0.30072217452664063,-0.35406272123134386,-0.4072981633424604,-0.46042891425108223,-0.5134553849142662,12275.738095238095,10996.928571428572,11252.690476190477,11508.452380952382,11764.214285714286,12019.97619047619
42,Jo Daviess,0.42057026476578413,0.5794297352342159,9628,0.3409350057012543,0.6590649942987458,8971,0.3629032258064516,0.6370967741935484,9302,0.4566532258064516,0.5433467741935485,9137,0.48802017654476665,0.5119798234552332,10454,0.5155350978135788,0.48446490218642113,9306,0.46346555323590816,0.5365344467640919,10322,0.46215943491422806,0.5378405650857719,11584,0.5532994923857868,0.4467005076142132,11750,0.5061224489795918,0.49387755102040815,11429,0.4218415417558886,0.5781584582441113,11334,-0.08083890859411136,-0.0802553492342159,-0.27251202729874574,-0.13303731019354836,0.07451432480645165,-0.02250268017823337,0.06858851222957874,0.05516175067090817,0.0011750216202280894,0.01875030176878678,-0.041230184218408183,-0.06465766020100006,-0.08096249375294207,-0.09723513610219214,-0.11347571411077695,-0.12968435389225164,-0.14586118081759025,13927.071428571428,12209.92857142857,12553.357142857141,12896.785714285714,13240.214285714284,13583.642857142855
43,Johnson,0.47432024169184284,0.525679758308157,4628,0.330949948927477,0.6690500510725229,4888,0.3246492985971943,0.6753507014028056,5083,0.40100502512562813,0.5989949748743719,4692,0.5195121951219512,0.48048780487804876,5391,0.47276940903823866,0.5272305909617613,4930,0.3699897225077081,0.6300102774922919,5362,0.31180625630676084,0.6881937436932393,5865,0.32343909928352105,0.676560900716479,5914,0.28395061728395066,0.7160493827160495,5694,0.19747899159663865,0.8025210084033614,6089,-0.30520145875336135,-0.026505372308157193,-0.28249708407252305,-0.17129123740280566,0.01886612412562816,0.008989338398951219,0.02582282345423864,-0.038314080057291866,-0.14917815698723913,-0.21111009133347897,-0.2634020159140493,-0.35182252896393607,-0.4042805213268821,-0.4566349440422641,-0.5088862052668048,-0.5610347107490554,-0.6130808638485803,7160.166666666667,6282.25,6457.833333333334,6633.416666666667,6809.0,6984.583333333334
44,Kane,0.36465781409601633,0.6353421859039836,95374,0.311804008908686,0.688195991091314,103784,0.3048289738430584,0.6951710261569417,105159,0.3544813695871098,0.6455186304128901,103412,0.4444444444444444,0.5555555555555556,127938,0.46860986547085204,0.5313901345291481,114693,0.4381443298969072,0.5618556701030928,141405,0.44500504540867813,0.554994954591322,167297,0.5598377281947262,0.44016227180527384,193363,0.5055951169888098,0.4944048830111902,181725,0.5562700964630225,0.4437299035369775,199687,0.05358964611302253,-0.1361677999039837,-0.30164302409131405,-0.19111156215694158,-0.02765753141289018,-0.0660784122785556,0.021663279886852016,0.02984052733190723,-0.015979367885321838,0.0252885375777262,-0.041757516209190215,0.03237196534499631,0.040100172634105036,0.047813121853490514,0.0555108731335352,0.06319348624986887,0.07086102062615751,289942.84523809527,218230.82142857142,232573.22619047618,246915.63095238095,261258.0357142857,275600.4404761905
45,Kankakee,0.444557477110885,0.5554425228891149,42108,0.3804463336875664,0.6195536663124336,40873,0.39024390243902435,0.6097560975609756,39665,0.4274193548387097,0.5725806451612904,35755,0.5276073619631901,0.4723926380368098,40071,0.5353535353535355,0.46464646464646464,35241,0.4887295081967214,0.5112704918032787,40183,0.4471299093655589,0.552870090634441,45036,0.5234215885947048,0.47657841140529533,48138,0.48265306122448975,0.5173469387755102,45654,0.4302575107296137,0.5697424892703863,47305,-0.07242293962038626,-0.05626813688911503,-0.2330006993124336,-0.10569663356097564,0.04528045383870971,0.017084505240190118,0.08840694976953545,0.08042570563172141,-0.013854503928441064,-0.011127602022295235,-0.06469957197351023,-0.07808122764413383,-0.09722449241084519,-0.11632996196091483,-0.13539778524119583,-0.1544281103197278,-0.17342108439275705,59398.29761904762,50332.28571428571,52145.48809523809,53958.69047619047,55771.892857142855,57585.09523809524
46,Kendall,0.3181818181818182,0.6818181818181818,13349,0.23830250272034817,0.7616974972796517,14327,0.25829145728643216,0.7417085427135678,14730,0.289738430583501,0.710261569416499,15084,0.3891820580474934,0.6108179419525066,18406,0.42057142857142854,0.5794285714285715,17672,0.3816872427983539,0.6183127572016461,22769,0.38709677419354843,0.6129032258064516,32527,0.53596757852077,0.46403242147923,46731,0.4831804281345566,0.5168195718654435,47418,0.4989154013015184,0.5010845986984815,54055,-0.0037650490484815724,-0.18264379581818185,-0.3751445302796519,-0.23764907871356783,-0.09240047041649896,-0.12134079867550662,-0.026375157012571482,-0.026616559766646064,-0.07388763910045154,0.0014183879037700242,-0.0641722050634434,-0.000544065955288886,0.010570517680775993,0.021663157405946265,0.032733939698786685,0.04378295052764258,0.05481027535466865,90053.27380952382,59410.892857142855,65539.36904761905,71667.84523809525,77796.32142857143,83924.79761904762
47,Knox,0.4493927125506073,0.5506072874493927,25967,0.3698781838316722,0.6301218161683279,26198,0.4452261306532663,0.5547738693467337,27122,0.5407035175879397,0.45929648241206034,23700,0.6007281553398058,0.3992718446601941,25296,0.6148723640399556,0.38512763596004446,22548,0.5592173017507724,0.4407826982492276,23174,0.5463709677419355,0.4536290322580645,24708,0.6010204081632653,0.3989795918367347,24098,0.5883554647599591,0.4116445352400408,23356,0.4843243243243243,0.5156756756756757,22503,-0.018356126025675656,-0.05143290144939272,-0.24356884916832783,-0.05071440534673366,0.1585646165879397,0.09020529861680582,0.16792577845595558,0.15091349918577246,0.08538655444793553,0.06647121754626528,0.04100283156195916,-0.006163972242461568,-0.028002709171502715,-0.04979832911902804,-0.07155100200435527,-0.0932608967443116,-0.11492818126113491,22327.60714285714,23035.642857142855,22894.035714285714,22752.42857142857,22610.821428571428,22469.214285714283
48,LaSalle,0.38532110091743116,0.6146788990825688,152894,0.33409350057012543,0.6659064994298746,164853,0.31256281407035175,0.6874371859296483,173224,0.3605236656596173,0.6394763343403826,179633,0.45229244114002476,0.5477075588599752,223987,0.5005488474204172,0.4994511525795829,204764,0.48717948717948717,0.5128205128205128,242164,0.4914400805639476,0.5085599194360524,275295,0.5993914807302232,0.4006085192697769,299900,0.5425963488843814,0.4574036511156187,287493,0.6090712742980562,0.3909287257019439,303520,0.10639082394805621,-0.11550451308256887,-0.2793535324298746,-0.18337772192964824,-0.021615235340382677,-0.05823041558297526,0.05360226183641714,0.07887568461448718,0.03045566726994764,0.06484229011322318,-0.004756284313618631,0.09256927849029495,0.10611772975224909,0.11963943183339865,0.1331344901493594,0.1466030094937807,0.16004509404331202,422108.0833333334,332627.25,350523.4166666667,368419.5833333334,386315.75,404211.9166666667
49,Lake,0.47922998986828774,0.5207700101317123,48865,0.38136511375947996,0.61863488624052,47835,0.42871485943775106,0.571285140562249,48139,0.5015075376884423,0.4984924623115578,44650,0.5913705583756345,0.4086294416243655,49931,0.5857307249712312,0.41426927502876865,42491,0.5237113402061855,0.47628865979381446,46007,0.48136958710976835,0.5186304128902316,50729,0.5561224489795918,0.44387755102040816,50310,0.49795501022494887,0.5020449897750511,47405,0.4225806451612903,0.5774193548387097,49743,-0.08009980518870968,-0.021595624131712288,-0.23208191924052007,-0.06722567656224893,0.11936863668844228,0.08084770165263444,0.13878413938723122,0.1154075376411855,0.020385173815768376,0.02157325836259183,-0.049397622973051114,-0.08722260486958078,-0.1166007455731517,-0.14592088398686087,-0.17518324869142532,-0.2043880669188951,-0.2335355645634678,53448.72619047619,50401.10714285714,51010.63095238095,51620.15476190476,52229.678571428565,52839.20238095238
50,Lawrence,0.4818913480885311,0.5181086519114688,8442,0.4050367261280168,0.5949632738719832,7856,0.38415245737211634,0.6158475426278837,7638,0.46184738955823296,0.5381526104417671,6823,0.549685534591195,0.450314465408805,7488,0.5276145710928319,0.4723854289071681,6392,0.44,0.56,6578,0.3766364551863041,0.6233635448136958,6729,0.4698672114402451,0.5301327885597548,6558,0.34285714285714286,0.6571428571428573,5989,0.2221063607924922,0.7778936392075079,6058,-0.28057408955750773,-0.018934265911468906,-0.20841030687198325,-0.11178807862788365,0.07970848855823298,0.03916267786819494,0.08066798550883192,0.03169619743500002,-0.08434795810769585,-0.06468197917675489,-0.20449549034085712,-0.2793982393414183,-0.3299596569510186,-0.38042124938684196,-0.43078341004908793,-0.48104653001678344,-0.531210998066399,5197.0,5923.25,5778.0,5632.75,5487.5,5342.25
51,Lee,0.4120654396728016,0.5879345603271984,15076,0.21762208067940553,0.7823779193205945,15438,0.2597793380140421,0.7402206619859579,15155,0.34104627766599593,0.658953722334004,13596,0.4544303797468354,0.5455696202531646,15417,0.4689966178128523,0.5310033821871477,14182,0.43092783505154636,0.5690721649484536,14620,0.40808080808080804,0.591919191919192,15876,0.4846938775510204,0.5153061224489796,16357,0.4626407369498465,0.5373592630501535,15348,0.39101861993428255,0.6089813800657173,15489,-0.11166183041571742,-0.0887601743271984,-0.3958249523205945,-0.23616119798595786,-0.04109262333400404,-0.056092476976164596,0.022050032228852268,0.022624032486546375,-0.05290360521319193,-0.04985531306597962,-0.0847118962481535,-0.09341790792023374,-0.10433691376010046,-0.11523436182514502,-0.12611033707221964,-0.13696492395691706,-0.14779820643757802,17450.22619047619,16218.857142857143,16465.130952380954,16711.404761904763,16957.678571428572,17203.95238095238
52,Livingston,0.338792221084954,0.6612077789150461,15640,0.26236559139784943,0.7376344086021505,16823,0.27108433734939763,0.7289156626506024,16919,0.32663316582914576,0.6733668341708543,15405,0.42857142857142855,0.5714285714285714,17098,0.42380422691879865,0.5761957730812013,14788,0.3880903490759753,0.6119096509240246,15421,0.35311871227364183,0.6468812877263581,16039,0.40224032586558045,0.5977596741344195,15669,0.3397959183673469,0.6602040816326531,15077,0.2826321467098166,0.7173678532901834,15342,-0.22004830364018335,-0.16203339291504604,-0.3510814416021506,-0.22485619865060236,-0.05550573517085422,-0.08195142815157147,-0.023142358665201368,-0.020213453489024702,-0.10786570102035814,-0.13230886475141956,-0.20755671483065308,-0.22315320222909918,-0.24899882419917674,-0.2747934182545748,-0.3005371854907537,-0.3262303258166952,-0.3518730379643671,14780.97619047619,15214.607142857143,15127.880952380952,15041.154761904761,14954.42857142857,14867.702380952382
53,Logan,0.39738430583501005,0.60261569416499,14386,0.28827877507919747,0.7117212249208026,14366,0.2894472361809045,0.7105527638190955,14046,0.3577889447236181,0.6422110552763819,13286,0.44014510278113667,0.5598548972188634,14195,0.41463414634146345,0.5853658536585367,12345,0.36102564102564105,0.638974358974359,13065,0.31891348088531185,0.6810865191146881,13467,0.4142857142857143,0.5857142857142857,12941,0.33640081799591,0.66359918200409,12088,0.2880258899676375,0.7119741100323624,12401,-0.21465456038236247,-0.10344130816498998,-0.32516825792080256,-0.20649329981909548,-0.024349956276381868,-0.07037775394186335,-0.03231243924253657,-0.04727816153935893,-0.14207093240868812,-0.1202634763312857,-0.21095181520209,-0.23552905512816835,-0.2637295724252624,-0.2918744124555417,-0.31996379463704727,-0.347997937093254,-0.3759770566633591,11329.095238095237,12194.571428571428,12021.476190476189,11848.380952380952,11675.285714285714,11502.190476190475
54,Macon,0.36102564102564105,0.638974358974359,15534,0.3129175946547884,0.6870824053452115,14589,0.3273092369477912,0.6726907630522089,14001,0.4225352112676056,0.5774647887323944,12493,0.5238095238095238,0.4761904761904762,13922,0.527027027027027,0.47297297297297297,12035,0.48443983402489627,0.5155601659751037,13012,0.48181818181818187,0.5181818181818182,14929,0.5285132382892057,0.47148676171079434,13072,0.49229188078108943,0.5077081192189106,12454,0.43743199129488575,0.5625680087051143,13144,-0.06524845905511423,-0.13979997297435898,-0.3005294383452116,-0.1686312990522088,0.04039631026760565,0.013286667086523818,0.08008044144302695,0.07613603145989628,0.020833768524181895,-0.006035952327794303,-0.05506075241691055,-0.06133174176994771,-0.07775143801566031,-0.09413871628125747,-0.1104937043224723,-0.12681652914127284,-0.14310731699185197,13386.52380952381,13252.892857142857,13279.619047619048,13306.345238095239,13333.07142857143,13359.797619047618
55,Macoupin,0.3112244897959184,0.6887755102040817,54989,0.2663656884875847,0.7336343115124154,61655,0.2334004024144869,0.7665995975855131,62042,0.2910372608257804,0.7089627391742195,65499,0.3751668891855808,0.6248331108144192,88294,0.431530494821634,0.5684695051783659,83256,0.3956611570247934,0.6043388429752067,106185,0.3969696969696969,0.603030303030303,127948,0.5274949083503055,0.47250509164969456,139632,0.4550102249488753,0.5449897750511248,134237,0.45869565217391306,0.5413043478260869,143930,-0.043984798176086914,-0.18960112420408165,-0.34708134451241535,-0.2625401335855131,-0.09110164017421957,-0.13535596753741924,-0.015416090762365997,-0.01264264554020661,-0.06401471632430306,-0.007054282266694467,-0.09234240824912471,-0.02997206722819712,-0.023842405967833713,-0.01772484671191421,-0.011619341767747926,-0.005525843724043966,0.0005556945513376377,220782.36904761905,163066.7142857143,174609.84523809524,186152.97619047618,197696.10714285713,209239.23809523808
56,Madison,0.36826042726347913,0.6317395727365208,45879,0.3111612175873732,0.6888387824126269,49232,0.3299798792756539,0.670020120724346,48349,0.37927565392354123,0.6207243460764588,49511,0.4726609963547995,0.5273390036452005,59285,0.46195652173913043,0.5380434782608695,53435,0.42295760082730094,0.5770423991726991,60898,0.4199395770392749,0.580060422960725,71620,0.5061099796334012,0.49389002036659874,75878,0.4437627811860941,0.556237218813906,73469,0.49280177187153934,0.5071982281284607,81324,-0.009878678478460634,-0.1325651867365209,-0.30228581541262683,-0.16596065672434607,-0.0028632470764587414,-0.037861860368200495,0.01500993615513041,0.014653798262300954,-0.04104483625472505,-0.028439210983598806,-0.1035898520119059,-0.05434858818735222,-0.06099257030627214,-0.06762343497910805,-0.0742412339002847,-0.080846018459237,-0.08743783974281172,107710.70238095238,85587.96428571429,90012.5119047619,94437.05952380953,98861.60714285714,103286.15476190476
57,Marion,0.5317860746720485,0.4682139253279516,53599,0.44136460554371004,0.55863539445629,53956,0.45536609829488467,0.5446339017051154,56112,0.5155778894472361,0.48442211055276385,49489,0.5951807228915662,0.40481927710843374,55580,0.5723830734966593,0.42761692650334077,47235,0.5046343975283214,0.4953656024716787,49499,0.4537223340040241,0.5462776659959758,51746,0.5056065239551478,0.49439347604485223,51389,0.4740061162079511,0.5259938837920489,49030,0.40595111583421895,0.594048884165781,48060,-0.09672933451578103,0.030960460672048495,-0.17208242745629,-0.04057443770511532,0.13343898844723617,0.08465786616856619,0.12543648791265927,0.09633059496332141,-0.0072620792899758535,-0.02894266666185219,-0.0733465169900489,-0.1292209188363529,-0.1641924229617473,-0.19909488162437583,-0.2339285669249307,-0.268693749358647,-0.3033906978281209,47081.857142857145,48751.14285714286,48417.28571428572,48083.42857142857,47749.571428571435,47415.71428571429
58,Marshall,0.5380710659898477,0.4619289340101523,22486,0.42902208201892744,0.5709779179810726,22354,0.46339017051153464,0.5366098294884654,22953,0.5658291457286432,0.4341708542713568,21669,0.649234693877551,0.35076530612244894,23661,0.6057471264367816,0.39425287356321836,21075,0.5303810504634398,0.4696189495365603,21389,0.4949596774193548,0.5050403225806451,22785,0.5499999999999999,0.45,22443,0.46384297520661155,0.5361570247933884,21083,0.3184238551650692,0.6815761448349308,22391,-0.18425659518493076,0.03724545198984763,-0.1844249509810726,-0.03255036548846535,0.1836902447286432,0.13871183715455093,0.1588005408527816,0.12207724789843977,0.03397526412535484,0.01545080938299992,-0.08350965799138843,-0.17626307494055027,-0.22579585167721916,-0.2752308341217429,-0.324568407670796,-0.3738089554472026,-0.42295285831798424,21797.809523809527,21936.857142857145,21909.047619047622,21881.238095238095,21853.428571428572,21825.61904761905
59,Mason,0.5612968591691997,0.4387031408308004,101998,0.4615384615384615,0.5384615384615384,100124,0.4588353413654619,0.5411646586345382,105713,0.5468277945619335,0.45317220543806647,99695,0.6452830188679245,0.35471698113207545,114095,0.5995500562429695,0.40044994375703036,100573,0.5478887744593204,0.45211122554067973,111104,0.5166163141993958,0.48338368580060426,123678,0.5469387755102041,0.4530612244897959,128690,0.4927983539094651,0.507201646090535,122885,0.4182795698924731,0.5817204301075269,130179,-0.08440088045752686,0.06047124516919966,-0.15190857146153852,-0.0371051946345381,0.16468889356193356,0.13476016214492448,0.1526034706589695,0.1395849718943204,0.055631900905395826,0.012389584893204075,-0.0545542792885349,-0.10540523037946059,-0.14304219375713956,-0.18060484916273367,-0.2180934894358586,-0.2555084056883743,-0.2928498873181695,156427.83333333334,135340.75,139558.1666666667,143775.58333333334,147993.0,152210.4166666667
60,Massac,0.5297679112008074,0.47023208879919276,18720,0.3891779396462019,0.6108220603537982,18678,0.40220661985957873,0.5977933801404213,18945,0.49748743718592964,0.5025125628140703,17373,0.6266829865361078,0.3733170134638923,18883,0.5645714285714285,0.43542857142857144,15763,0.49438202247191004,0.5056179775280899,16663,0.44969818913480886,0.5503018108651911,17224,0.4897750511247444,0.5102249488752556,17410,0.40184049079754597,0.598159509202454,15820,0.2694736842105263,0.7305263157894737,17098,-0.23320676613947366,0.02894229720080732,-0.22426909335379813,-0.09373391614042126,0.11534853618592966,0.11616012981310775,0.11762484298742848,0.08607821990691006,-0.011286224159191116,-0.044774139492255616,-0.14551214240045401,-0.2311356955329984,-0.2821716302385653,-0.33310680291467065,-0.3839416106535225,-0.4346764482044705,-0.48531170799262213,15701.738095238094,16400.42857142857,16260.690476190475,16120.95238095238,15981.214285714284,15841.476190476189
61,McDonough,0.3902932254802831,0.6097067745197168,6662,0.30472103004291845,0.6952789699570816,6711,0.36995967741935487,0.6300403225806451,6493,0.43316582914572865,0.5668341708542713,6367,0.5312117503059977,0.46878824969400246,6496,0.5185185185185186,0.4814814814814815,5714,0.4498448810754912,0.5501551189245089,5907,0.42900302114803623,0.5709969788519637,6584,0.49489795918367346,0.5051020408163265,6348,0.4269662921348314,0.5730337078651685,5869,0.32081545064377687,0.6791845493562232,5984,-0.1818649997062231,-0.11053238851971692,-0.3087260029570816,-0.12598085858064512,0.05102692814572868,0.020688893582997636,0.07157193293451858,0.041541078510491214,-0.03198139214596374,-0.03965123143332655,-0.12038634106316859,-0.16995703158509912,-0.20225881060295592,-0.23449681508965625,-0.2666712963736728,-0.2987825043006609,-0.3308306872451965,5792.535714285715,5985.214285714286,5946.678571428572,5908.142857142858,5869.607142857143,5831.071428571429
62,McHenry,0.5065458207452165,0.4934541792547835,7849,0.365546218487395,0.6344537815126051,7693,0.4493480441323972,0.5506519558676028,7486,0.498995983935743,0.501004016064257,6855,0.6160287081339714,0.38397129186602874,7702,0.582039911308204,0.417960088691796,6444,0.48307692307692307,0.5169230769230769,6772,0.4516129032258065,0.5483870967741936,7183,0.5301327885597548,0.4698672114402451,6831,0.46714579055441474,0.5328542094455851,6296,0.3315508021390374,0.6684491978609626,6493,-0.17112964821096255,0.0057202067452164496,-0.24790081451260504,-0.04659249186760278,0.11685708293574304,0.10550585141097135,0.13509332572420396,0.07477312051192309,-0.009371510068193478,-0.00441640205724525,-0.08020684264358524,-0.16305248609447176,-0.20365804348836036,-0.24418343191126723,-0.2846289673003639,-0.3249949637287841,-0.3652817334204599,5918.142857142857,6393.857142857143,6298.714285714285,6203.571428571428,6108.428571428571,6013.285714285714
63,McLean,0.5317220543806647,0.46827794561933533,6937,0.3971340839303992,0.6028659160696008,7272,0.45481927710843373,0.5451807228915663,7049,0.4789156626506025,0.5210843373493976,6763,0.548611111111111,0.45138888888888884,7056,0.5311438278595696,0.46885617214043035,6058,0.4421699078812692,0.5578300921187308,6744,0.3798994974874372,0.6201005025125629,7424,0.38163265306122446,0.6183673469387755,7209,0.32823649337410804,0.6717635066258919,6495,0.24346917450365727,0.7565308254963428,6697,-0.25921127584634274,0.030896440380664636,-0.21631294906960086,-0.04112125889156626,0.0967767616506025,0.03808825438811103,0.08419724227556957,0.03386610531626921,-0.0810849158065628,-0.15291653755577556,-0.21911613982389194,-0.30316794495263366,-0.35741653307840693,-0.4115580163208108,-0.4655928167685488,-0.5195213540199859,-0.5733440452029015,6903.690476190476,6852.142857142858,6862.452380952382,6872.761904761905,6883.071428571428,6893.380952380952
64,Menard,0.42296072507552873,0.5770392749244713,5479,0.3049946865037194,0.6950053134962806,5534,0.31763527054108215,0.6823647294589178,5766,0.3716012084592145,0.6283987915407855,5705,0.44375772558714455,0.5562422744128553,6299,0.4154696132596685,0.5845303867403315,5868,0.35905349794238683,0.6409465020576132,6202,0.32630522088353414,0.6736947791164658,6574,0.4243654822335025,0.5756345177664975,6477,0.34689725330620547,0.6531027466937944,6151,0.3006465517241379,0.6993534482758621,6515,-0.20203389862586207,-0.0778648889244713,-0.3084523464962806,-0.17830526545891784,-0.01053769254078546,-0.06676513113585547,-0.0314769723243315,-0.04925030462261315,-0.13467919241046583,-0.1101837083834975,-0.20045537989179452,-0.22506132140377133,-0.2525205195317852,-0.2799255040053197,-0.30727648847448563,-0.33457368532884857,-0.3618173057074756,7030.130952380952,6605.785714285714,6690.6547619047615,6775.523809523809,6860.392857142857,6945.261904761905
65,Mercer,0.4591321897073663,0.5408678102926338,8982,0.39504843918191607,0.604951560818084,9156,0.44779116465863456,0.5522088353413654,8927,0.5331991951710261,0.4668008048289738,7929,0.5723039215686275,0.4276960784313726,8540,0.6145124716553289,0.3854875283446712,7897,0.5442386831275721,0.455761316872428,8318,0.5060362173038229,0.493963782696177,8974,0.560528992878942,0.43947100712105797,8870,0.5378323108384457,0.46216768916155415,8568,0.3896103896103896,0.6103896103896104,8525,-0.1130700607396104,-0.04169342429263373,-0.21839859381808396,-0.04814937134136543,0.15106029417102612,0.06178106484562751,0.16756588607132883,0.13593488056257208,0.04505180400982289,0.025979802261941964,-0.009520322359554245,-0.0870650673961677,-0.11911029687172459,-0.15109225833083428,-0.18301120110588442,-0.21486737305816916,-0.24666102058959893,9344.607142857143,8875.142857142857,8969.035714285714,9062.928571428572,9156.82142857143,9250.714285714286
66,Monroe,0.41540020263424515,0.5845997973657548,9716,0.33052631578947367,0.6694736842105263,9924,0.31963927855711416,0.6803607214428857,10217,0.4190954773869347,0.5809045226130652,10851,0.5045278137128073,0.49547218628719275,12542,0.4727272727272727,0.5272727272727272,11535,0.43165467625899284,0.5683453237410072,13796,0.4179254783484391,0.5820745216515609,16370,0.4461382113821138,0.5538617886178862,18129,0.3633572159672467,0.6366427840327533,17494,0.3045793397231097,0.6954206602768902,19354,-0.1981011106268903,-0.08542541136575488,-0.28292071721052636,-0.17630125744288583,0.036956576386934725,-0.005995043010192713,0.025780687143272696,0.023350873693992857,-0.0430589349455609,-0.08841097923488622,-0.1839954172307533,-0.21128551595927547,-0.24596617987810987,-0.28057837255019535,-0.3151223638132308,-0.3495984219129298,-0.3840068135155832,27069.011904761905,20721.571428571428,21991.059523809527,23260.54761904762,24530.035714285714,25799.52380952381
67,Montgomery,0.5297679112008074,0.47023208879919276,15848,0.3901156677181914,0.6098843322818086,15415,0.4367469879518073,0.5632530120481928,14605,0.5331991951710261,0.4668008048289738,13759,0.6273525721455457,0.3726474278544542,14837,0.5704545454545454,0.4295454545454545,12631,0.5122950819672132,0.4877049180327869,13093,0.46572580645161293,0.5342741935483871,12930,0.5137895812053115,0.48621041879468846,12909,0.42739443872296606,0.572605561277034,12188,0.2887700534759358,0.7112299465240641,12978,-0.21391039687406416,0.02894229720080732,-0.22333136528180864,-0.05919354804819271,0.15106029417102612,0.11682971542254572,0.12350795987054541,0.1039912794022132,0.004741393157612961,-0.02075960941168853,-0.11995819447503392,-0.20970663394356848,-0.2600151168321929,-0.31022427392488794,-0.36033449665387707,-0.4103461741418073,-0.46025969322028004,11125.27380952381,12199.142857142857,11984.369047619048,11769.595238095239,11554.82142857143,11340.047619047618
68,Morgan,0.45445344129554655,0.5455465587044535,16489,0.3454545454545454,0.6545454545454545,16997,0.33400200601805413,0.6659979939819459,16097,0.4062186559679037,0.5937813440320963,14886,0.4918032786885246,0.5081967213114754,16297,0.49202733485193617,0.5079726651480637,14238,0.42299794661190965,0.5770020533880903,14334,0.3753784056508578,0.6246215943491423,15180,0.4959100204498978,0.5040899795501023,15394,0.42153846153846153,0.5784615384615385,14142,0.34086021505376346,0.6591397849462365,14800,-0.16182023529623651,-0.046372172704453485,-0.2679924875454546,-0.16193852998194586,0.02407975496790371,-0.018719578034475437,0.04508074926793615,0.014694144046909663,-0.08560600764314219,-0.03863917016710222,-0.12581417165953845,-0.1600981204509111,-0.18587220149895245,-0.21159539587804943,-0.23726790412703735,-0.2628899256015558,-0.28846165848345606,14110.083333333334,14530.5,14446.416666666666,14362.333333333334,14278.25,14194.166666666666
69,Moultrie,0.5432595573440644,0.45674044265593555,6169,0.40063424947145876,0.5993657505285412,6161,0.4062186559679037,0.5937813440320963,6072,0.48743718592964824,0.5125628140703518,6212,0.5972222222222223,0.4027777777777778,6465,0.5446327683615819,0.455367231638418,5451,0.4528688524590164,0.5471311475409836,5725,0.37197580645161293,0.6280241935483871,6466,0.434560327198364,0.565439672801636,6273,0.36168032786885246,0.6383196721311476,6075,0.24973544973544975,0.7502645502645503,6283,-0.2529450006145502,0.04243394334406436,-0.21281278352854127,-0.0897218800320963,0.10529828492964827,0.0866993654992223,0.0976861827775819,0.04456504989401644,-0.08900860684238704,-0.099988863418636,-0.18567230532914752,-0.28198004346566563,-0.3361329184269266,-0.3901788774746535,-0.4441183419528727,-0.49795173071956356,-0.551679460166639,6317.119047619048,6212.714285714286,6233.5952380952385,6254.476190476191,6275.357142857143,6296.238095238095
70,Ogle,0.36852791878172586,0.6314720812182741,17797,0.24545454545454548,0.7545454545454546,18871,0.2623115577889447,0.7376884422110553,18396,0.3262839879154078,0.6737160120845921,17394,0.4196891191709845,0.5803108808290156,20109,0.4146067415730337,0.5853932584269663,18335,0.3835051546391753,0.6164948453608247,20601,0.3766364551863041,0.6233635448136958,24091,0.4611451942740286,0.5388548057259713,24934,0.4148827726809379,0.5851172273190622,23367,0.3596112311015119,0.6403887688984882,24193,-0.1430692192484881,-0.13229769521827417,-0.36799248754545455,-0.23362897821105527,-0.05585491308459217,-0.09083373755201551,-0.032339844010966345,-0.0247986479258247,-0.08434795810769585,-0.0734039963429714,-0.1324698605170621,-0.13302909775993754,-0.14481497541055433,-0.15657758379104791,-0.16831701460307613,-0.18003335900725403,-0.1917267076274669,31486.511904761905,26297.821428571428,27335.559523809527,28373.29761904762,29411.035714285714,30448.77380952381
71,Peoria,0.4261133603238866,0.5738866396761133,82123,0.3717105263157895,0.6282894736842106,83510,0.44668008048289737,0.5533199195171026,82899,0.4834170854271357,0.5165829145728643,73230,0.5531914893617021,0.44680851063829785,81328,0.5466377440347072,0.4533622559652929,74102,0.5148413510747185,0.4851586489252815,76812,0.500503524672709,0.49949647532729097,82771,0.5705583756345178,0.4294416243654822,81704,0.5224032586558045,0.47759674134419555,78411,0.5166487647690655,0.4833512352309345,79102,0.013968314419065542,-0.07471225367611345,-0.24173650668421054,-0.04926045551710262,0.10127818442713571,0.04266863263870213,0.0996911584507072,0.10653754850971853,0.039519111378709004,0.03600918501751782,-0.02494937454219548,-0.012589465051462412,-0.026812567691202105,-0.04100758916234781,-0.05517464012972795,-0.0693138306052461,-0.08342526995306798,84684.85714285714,81394.14285714286,82052.28571428571,82710.42857142858,83368.57142857143,84026.71428571429
72,Perry,0.5303643724696356,0.46963562753036436,11395,0.42427385892116176,0.5757261410788381,10610,0.4393179538615848,0.5606820461384153,10472,0.5301204819277109,0.46987951807228917,9781,0.6593673965936739,0.340632603406326,11086,0.623121387283237,0.37687861271676304,9921,0.5030864197530864,0.4969135802469136,9942,0.46076458752515087,0.5392354124748491,10425,0.4800817160367722,0.5199182839632277,9995,0.4094165813715455,0.5905834186284544,9549,0.26405090137857895,0.735949098621421,9874,-0.23862954897142102,0.029538758469635606,-0.18917317407883827,-0.0566225821384152,0.1479815809277109,0.14884453987067392,0.17617480169923694,0.09478261718808645,-0.00021982576884910232,-0.054467474580227826,-0.13793605182645446,-0.24585362027937663,-0.30389410543773465,-0.36181999923789476,-0.4196317532719718,-0.47732981646757366,-0.5349146351091747,9355.845238095237,9732.571428571428,9657.226190476189,9581.880952380952,9506.535714285714,9431.190476190475
73,Piatt,0.4415322580645161,0.5584677419354839,8020,0.33226152197213293,0.6677384780278671,7818,0.36180904522613067,0.6381909547738693,7879,0.42814070351758793,0.5718592964824121,7277,0.5339308578745199,0.4660691421254802,8447,0.5005662514156285,0.4994337485843714,7412,0.4301964839710445,0.5698035160289555,8385,0.36693548387096775,0.6330645161290323,8586,0.436289500509684,0.563710499490316,9018,0.36316872427983543,0.6368312757201646,8742,0.3194748358862144,0.6805251641137855,9060,-0.18320561446378558,-0.059293355935483905,-0.2811855110278671,-0.13413149077386932,0.04600180251758795,0.023408001151519864,0.05361966583162847,0.0218926814060445,-0.09404892942303222,-0.098259690107316,-0.18418390891816455,-0.22338668538267825,-0.261254662376615,-0.29904787530023214,-0.3367666187905627,-0.3744111857462826,-0.4119818673415807,10511.857142857143,9382.392857142857,9608.285714285714,9834.178571428572,10060.07142857143,10285.964285714286
74,Pike,0.5015197568389057,0.49848024316109424,10110,0.4110301768990635,0.5889698231009366,9361,0.4282848545636911,0.5717151454363089,9285,0.5380761523046091,0.46192384769539074,8599,0.5454545454545454,0.45454545454545453,9037,0.5273573923166472,0.4726426076833527,7952,0.4045174537987679,0.595482546201232,8112,0.36133603238866396,0.6386639676113359,7980,0.4044943820224719,0.595505617977528,7643,0.31901840490797545,0.6809815950920245,7302,0.19747899159663865,0.8025210084033614,7530,-0.30520145875336135,0.0006941428389056759,-0.20241685610093652,-0.0676556814363089,0.15593725130460917,0.034931688731545396,0.08041080673264722,-0.0037863487662320727,-0.09964838090533601,-0.13005480859452812,-0.22833422829002453,-0.34337476496290265,-0.40549623742077756,-0.4674950612845805,-0.5293717198991601,-0.5911266937574737,-0.6527604605234671,6072.214285714286,7097.035714285715,6892.071428571429,6687.107142857143,6482.142857142858,6277.1785714285725
75,Pope,0.47379032258064513,0.5262096774193549,2275,0.36945304437564497,0.630546955624355,2455,0.3781344032096289,0.6218655967903711,2492,0.4532663316582915,0.5467336683417086,2208,0.5281437125748503,0.4718562874251497,2411,0.5180442374854481,0.48195576251455174,2054,0.4077868852459016,0.5922131147540983,2330,0.37965760322255787,0.6203423967774421,2436,0.38634046890927626,0.6136595310907238,2231,0.3011305241521069,0.6988694758478932,2222,0.1826722338204593,0.8173277661795407,2142,-0.3200082165295407,-0.0270352914193549,-0.24399398862435506,-0.11780613279037111,0.07112743065829152,0.017620855851850248,0.07109765190144812,-0.0005169173190983645,-0.0813268100714421,-0.14820872170772376,-0.2462221090458931,-0.3354828070430358,-0.3919798398258081,-0.44836532854233724,-0.5046397127756848,-0.560803429515289,-0.6168569131777133,2167.1666666666665,2213.0,2203.8333333333335,2194.6666666666665,2185.5,2176.3333333333335
76,Pulaski,0.5753012048192772,0.4246987951807229,4345,0.484263959390863,0.515736040609137,4099,0.4728915662650603,0.5271084337349398,3664,0.5185929648241207,0.4814070351758794,3478,0.6299212598425197,0.37007874015748027,3549,0.5956043956043956,0.40439560439560435,2814,0.5148413510747185,0.4851586489252815,3016,0.4436619718309859,0.556338028169014,3108,0.5070850202429149,0.492914979757085,3270,0.47040816326530616,0.5295918367346939,3012,0.36514522821576767,0.6348547717842323,2735,-0.1375352221342323,0.07447559081927713,-0.12918307360913706,-0.023048969734939695,0.13645406382412067,0.11939840311951966,0.14865781002039558,0.10653754850971853,-0.017322441463014093,-0.027464170374085106,-0.07694446993269383,-0.15809115727699918,-0.1999380299542679,-0.2417022828883546,-0.28338424167475296,-0.3249842299877912,-0.36650256959612193,2396.0,2778.5,2702.0,2625.5,2549.0,2472.5
77,Putnam,0.46091370558375633,0.5390862944162437,2959,0.3713033953997809,0.628696604600219,3414,0.4377510040160643,0.5622489959839357,3413,0.513595166163142,0.486404833836858,3139,0.6189856957087125,0.38101430429128735,3308,0.5910652920962198,0.40893470790378006,2764,0.5354573484069887,0.4645426515930113,3179,0.5120967741935484,0.4879032258064517,3352,0.580020387359837,0.41997961264016315,3342,0.5092402464065708,0.4907597535934291,3143,0.3938100320170758,0.6061899679829242,3112,-0.10887041833292416,-0.0399119084162437,-0.24214363760021912,-0.05818953198393567,0.13145626516314207,0.10846283898571252,0.1441187065122198,0.12715354584198868,0.051112360899548404,0.04547119674283695,-0.03811238679142914,-0.0910854633643936,-0.12390807411372862,-0.15666588203559684,-0.18935914251090935,-0.22198810941381453,-0.25455303512363514,3268.3690476190477,3215.214285714286,3225.845238095238,3236.4761904761904,3247.1071428571427,3257.7380952380954
78,Randolph,0.5146316851664985,0.48536831483350157,17038,0.40729166666666666,0.5927083333333333,15494,0.4026104417670683,0.5973895582329317,15829,0.5145728643216081,0.4854271356783919,15318,0.6350184956843403,0.36498150431565973,16565,0.5781071835803877,0.4218928164196123,14647,0.48820512820512824,0.5117948717948718,14287,0.4561933534743202,0.5438066465256798,14956,0.49490835030549896,0.505091649694501,15202,0.41007194244604317,0.5899280575539568,14438,0.2552742616033755,0.7447257383966245,14194,-0.24740618874662446,0.013806071166498457,-0.20615536633333337,-0.0933300942329317,0.13243396332160812,0.1244956389613403,0.13116059799638768,0.07990132564012825,-0.004791059819679755,-0.03964084031150106,-0.1372806907519568,-0.2387184650491463,-0.29248905056178387,-0.34615347492834303,-0.39971215651831926,-0.45316551123286786,-0.5065139525243296,13122.238095238095,14084.678571428572,13892.190476190477,13699.702380952382,13507.214285714286,13314.72619047619
79,Richland,0.4404883011190234,0.5595116988809766,8057,0.319620253164557,0.6803797468354431,8126,0.27811244979919675,0.7218875502008032,7874,0.40160642570281124,0.5983935742971888,7153,0.5184243964421855,0.48157560355781454,8061,0.4607268464243845,0.5392731535756154,6815,0.34536082474226804,0.654639175257732,7428,0.3289606458123108,0.6710393541876892,7749,0.42390194075587334,0.5760980592441266,7673,0.3316274309109519,0.6683725690890482,7282,0.21630094043887146,0.7836990595611285,7649,-0.2863795099111285,-0.06033731288097666,-0.29382677983544303,-0.21782808620080324,0.019467524702811267,0.007901539719185502,0.013780260840384473,-0.06294297782273195,-0.13202376748168915,-0.11064724986112667,-0.21572520228704806,-0.29336728645759536,-0.33697627191480706,-0.38049915862805506,-0.4239362859030962,-0.4672879910437757,-0.510554609367972,7755.821428571428,7608.678571428572,7638.107142857143,7667.535714285714,7696.964285714285,7726.392857142857
80,Rock Island,0.5142566191446029,0.48574338085539714,71261,0.4634955752212389,0.536504424778761,71775,0.5336683417085427,0.4663316582914573,75672,0.5943775100401607,0.40562248995983935,67901,0.6171224732461356,0.3828775267538645,72039,0.6281628162816282,0.37183718371837177,60955,0.6010309278350515,0.3989690721649485,65095,0.5734406438631791,0.4265593561368209,69972,0.6243654822335025,0.3756345177664975,68608,0.6109979633401221,0.3890020366598778,65217,0.5447680690399137,0.4552319309600863,63994,0.04208761868991373,0.013431005144602826,-0.14995145777876112,0.03772780570854273,0.21223860904016073,0.10659961652313554,0.18121623069762816,0.19272712527005154,0.11245623056917908,0.08981629161650251,0.06364533014212215,0.031150958656724015,0.010411741251871831,-0.010286529991276439,-0.030944016437089772,-0.05156087849790936,-0.0721372756415235,62920.02380952381,64921.39285714286,64521.11904761905,64120.84523809524,63720.571428571435,63320.29761904762
81,Saline,0.5949238578680203,0.4050761421319797,101065,0.5204188481675392,0.4795811518324607,100673,0.5060483870967742,0.4939516129032258,104148,0.572289156626506,0.427710843373494,97313,0.6434573829531813,0.3565426170468187,107541,0.6179039301310044,0.38209606986899564,94429,0.5695296523517382,0.4304703476482617,100393,0.5537688442211055,0.44623115577889444,113189,0.6138211382113821,0.3861788617886179,126054,0.573469387755102,0.4265306122448979,119827,0.5296610169491525,0.4703389830508474,121436,0.02698056659915249,0.09409824386802024,-0.09302818483246078,0.010107851096774256,0.19015025562650606,0.13293452623018132,0.1709573445470044,0.16122584978673826,0.09278443092710553,0.07927194759438205,0.02611675455710205,0.0022461954417423158,-0.021552464096984636,-0.04530413711050585,-0.06900900876759408,-0.09266726314452,-0.11627908323376346,148244.64285714284,128127.85714285713,132151.2142857143,136174.57142857142,140197.92857142858,144221.2857142857
82,Sangamon,0.5562248995983936,0.4437751004016065,13493,0.4421487603305785,0.5578512396694215,13265,0.4569138276553106,0.5430861723446894,13251,0.535140562248996,0.464859437751004,12521,0.6642424242424242,0.33575757575757575,13254,0.6248520710059171,0.37514792899408284,11665,0.47794871794871796,0.522051282051282,11650,0.39999999999999997,0.6,11814,0.45482546201232027,0.5451745379876797,11476,0.3520408163265306,0.6479591836734694,10720,0.23714585519412382,0.7628541448058761,11384,-0.2655345951558762,0.05539928559839358,-0.17129827266942155,-0.03902670834468941,0.153001661248996,0.15371956751942417,0.1779054854219171,0.06964491538371798,-0.060984413294000006,-0.07972372860467974,-0.19531181687146937,-0.3036380234089222,-0.3693624300252907,-0.43495707464879274,-0.5004224686573764,-0.5657591204117125,-0.6309675352794386,9431.880952380952,10683.785714285714,10433.404761904763,10183.02380952381,9932.642857142859,9682.261904761905
83,Schuyler,0.46788990825688076,0.5321100917431193,82910,0.37337662337662336,0.6266233766233765,85200,0.38654618473895586,0.6134538152610443,88523,0.4291457286432161,0.5708542713567839,88403,0.503037667071689,0.49696233292831105,96860,0.47991313789359397,0.5200868621064061,88105,0.4325437693099897,0.5674562306900104,91485,0.40867810292633705,0.591321897073663,95375,0.5219164118246687,0.4780835881753313,100106,0.45612244897959187,0.5438775510204081,94297,0.4502164502164502,0.5497835497835497,98373,-0.05246400013354979,-0.03293570574311927,-0.24007040962337667,-0.10939435126104413,0.04700682764321612,-0.007485189651311064,0.032966552309593944,0.024239966744989738,-0.05230631036766292,-0.012632778792331267,-0.09123018421840812,-0.08490806269409035,-0.10056388015765094,-0.11618878779366781,-0.13178290741441145,-0.1473463601134526,-0.16287926627137495,105080.80952380953,99314.85714285714,100468.04761904762,101621.23809523809,102774.42857142857,103927.61904761905
84,Scott,0.43316582914572865,0.5668341708542713,4669,0.3403361344537815,0.6596638655462186,4460,0.37851405622489964,0.6214859437751005,4061,0.46130653266331656,0.5386934673366834,4066,0.5221238938053098,0.4778761061946903,3995,0.505800464037123,0.494199535962877,3749,0.4331275720164609,0.5668724279835391,3772,0.3985872855701312,0.6014127144298689,4031,0.5092592592592592,0.49074074074074076,3839,0.45529290853031856,0.5447070914696814,3902,0.2985074626865672,0.7014925373134329,3834,-0.20417298766343278,-0.06765978485427138,-0.2731108985462185,-0.11742647977510035,0.07916763166331658,0.01160103708230975,0.058853878453122954,0.02482376945146092,-0.062397127723868795,-0.025289931357740825,-0.09205972466768142,-0.1778009123745221,-0.21127082819850784,-0.2446746631979977,-0.27801267779034333,-0.31128513085641885,-0.3444922797528136,3722.0714285714284,3814.928571428571,3796.3571428571427,3777.785714285714,3759.2142857142853,3740.642857142857
85,Shelby,0.44321608040201005,0.5567839195979899,3232,0.3208722741433021,0.6791277258566978,3042,0.32293762575452717,0.6770623742454728,2935,0.44779116465863456,0.5522088353413654,2790,0.48284625158831,0.5171537484116899,2783,0.47670250896057353,0.5232974910394266,2538,0.39508700102354144,0.6049129989764586,2469,0.35376884422110555,0.6462311557788945,2636,0.42827868852459017,0.5717213114754098,2607,0.36419753086419754,0.6358024691358025,2568,0.21376433785192908,0.786235662148071,2608,-0.2889161124980709,-0.05760953359798998,-0.2925747588566979,-0.17300291024547282,0.06565226365863458,-0.027676605134690002,0.029755923376573512,-0.013216801541458545,-0.10721556907289442,-0.10627050209240985,-0.18315510233380244,-0.27961715606906523,-0.3239305059875335,-0.3681563665106182,-0.41229508242454926,-0.4563469964812441,-0.5003124494145652,2401.511904761905,2519.071428571429,2495.559523809524,2472.0476190476193,2448.535714285714,2425.0238095238096
86,St. Clair,0.5413306451612904,0.4586693548387097,11493,0.3824451410658307,0.6175548589341693,10894,0.4036144578313254,0.5963855421686747,10730,0.46378269617706236,0.5362173038229375,10078,0.5838668373879642,0.41613316261203587,11175,0.5017341040462427,0.49826589595375725,9788,0.4067971163748713,0.5932028836251287,10163,0.35685483870967744,0.6431451612903226,10577,0.3985655737704918,0.6014344262295083,10902,0.3278688524590164,0.6721311475409836,10439,0.21743697478991594,0.782563025210084,11049,-0.285243475560084,0.04050503116129034,-0.2310018919341693,-0.09232607816867461,0.08164379517706238,0.07334398066496417,0.054787518462242724,-0.0015066861901286699,-0.10412957458432254,-0.13598361684650823,-0.21948378073898356,-0.31832474444127,-0.3737897685425935,-0.42914528610850766,-0.48439172869231584,-0.5395295253012193,-0.59455910241644,11298.67857142857,10889.571428571428,10971.392857142857,11053.214285714284,11135.035714285714,11216.857142857141
87,Stark,0.3433609958506224,0.6566390041493775,3459,0.2542735042735043,0.7457264957264957,3380,0.32494969818913483,0.6750503018108652,3318,0.4089068825910931,0.5910931174089069,3153,0.4913793103448276,0.5086206896551725,3351,0.4971815107102593,0.5028184892897407,2864,0.41666666666666663,0.5833333333333334,2989,0.3923154701718907,0.6076845298281092,3061,0.47304170905391657,0.5269582909460834,2919,0.417258883248731,0.582741116751269,2662,0.29718004338394793,0.7028199566160521,2743,-0.20550040696605204,-0.15746461814937762,-0.3591735287264957,-0.17099083781086516,0.026767981591093115,-0.019143546378172394,0.05023492512625927,0.008362864101666645,-0.06866894312210925,-0.061507481563083444,-0.13009374994926898,-0.1882735302585843,-0.2188103513485231,-0.24928688252542486,-0.2797033613852591,-0.310060024122194,-0.34035710553972365,2280.357142857143,2642.1428571428573,2569.7857142857147,2497.4285714285716,2425.071428571429,2352.714285714286
88,Stephenson,0.3813387423935092,0.6186612576064909,19137,0.36494597839135656,0.6350540216086434,20388,0.32056451612903225,0.6794354838709677,21131,0.39677744209466265,0.6032225579053374,18945,0.46734955185659416,0.5326504481434059,21656,0.44620611551528877,0.5537938844847112,18125,0.4293085655314757,0.5706914344685242,19378,0.42179616548940463,0.5782038345105953,21320,0.5336048879837068,0.4663951120162933,21657,0.491317671092952,0.5086823289070479,21128,0.4120819848975189,0.5879180151024811,20343,-0.09059846545248107,-0.11948687160649085,-0.24850105460864347,-0.17537601987096774,0.014638541094662672,-0.04317330486640586,-0.000740470068711252,0.021004762966475743,-0.039188247804595344,-0.0009443026332932591,-0.05603496210504799,-0.07033565339351355,-0.08048062026048086,-0.09060555756483524,-0.10071054424088999,-0.1107956587572616,-0.12086097912054328,22545.166666666668,21373.5,21607.833333333332,21842.166666666668,22076.5,22310.833333333332
89,Tazewell,0.44117647058823534,0.5588235294117647,52503,0.3232758620689655,0.6767241379310345,56462,0.4060301507537688,0.5939698492462312,57115,0.4603015075376884,0.5396984924623116,53727,0.5300480769230769,0.4699519230769231,59994,0.49778761061946897,0.5022123893805309,53678,0.4461538461538462,0.5538461538461539,58348,0.4173387096774194,0.5826612903225807,62338,0.46932515337423314,0.5306748466257669,64060,0.4088114754098361,0.591188524590164,61282,0.3478735005452563,0.6521264994547438,64751,-0.1548069498047437,-0.059649143411764693,-0.2901711709310345,-0.08991038524623118,0.07816260653768842,0.019525220200076854,0.050841025035468945,0.037850043588846194,-0.0436457036165806,-0.06522403724276687,-0.1385411577881639,-0.17913247176605296,-0.21272068320325843,-0.24624258026082657,-0.2796984242765177,-0.31308847504612913,-0.3464129908359439,73201.63095238095,66133.53571428571,67547.15476190476,68960.7738095238,70374.39285714286,71788.0119047619
90,Union,0.585929648241206,0.414070351758794,8578,0.4686192468619247,0.5313807531380753,8441,0.4467871485943775,0.5532128514056225,8564,0.49698795180722893,0.5030120481927711,8479,0.6087470449172577,0.3912529550827424,9083,0.5744680851063829,0.425531914893617,8282,0.47520661157024796,0.5247933884297521,8660,0.4120603015075377,0.5879396984924623,9119,0.43897435897435894,0.561025641025641,9154,0.3874614594039054,0.6125385405960945,8318,0.29337539432176657,0.7066246056782335,8616,-0.2093050560282334,0.08510403424120594,-0.14482778613807534,-0.04915338740562247,0.11484905080722896,0.09822418819425771,0.1275214995223829,0.06690280900524798,-0.04892411178646228,-0.09557483164264108,-0.15989117379409457,-0.24516041060357452,-0.2963499797226916,-0.34743848348657025,-0.3984263201828071,-0.4493138857490351,-0.5001015737916816,8737.511904761905,8725.071428571428,8727.559523809523,8730.047619047618,8732.535714285714,8735.02380952381
91,Vermilion,0.4828282828282828,0.5171717171717172,38546,0.39060832443970117,0.6093916755602988,39567,0.41867469879518077,0.5813253012048193,39611,0.5140845070422535,0.48591549295774644,35067,0.6112531969309464,0.38874680306905374,38461,0.5636363636363636,0.43636363636363634,31329,0.49382716049382713,0.5061728395061729,32100,0.4400805639476334,0.5599194360523665,33714,0.5030674846625767,0.4969325153374233,33016,0.43265306122448977,0.5673469387755102,30400,0.344973544973545,0.655026455026455,30818,-0.157706905376455,-0.017997331171717257,-0.22283870856029886,-0.07726583720481922,0.13194560604225353,0.10073034020794636,0.11668977805236358,0.08552335792882715,-0.020903849346366576,-0.031481705954423345,-0.11469957197351022,-0.18134451884819214,-0.22441498429782314,-0.26740041422235095,-0.3103011437374903,-0.3531175059818281,-0.3958498321324555,25945.94047619048,29718.14285714286,28963.70238095238,28209.26190476191,27454.82142857143,26700.380952380954
92,Wabash,0.45105953582240166,0.5489404641775985,6227,0.3557894736842105,0.6442105263157895,5837,0.33032128514056225,0.6696787148594379,5453,0.39336016096579474,0.6066398390342052,5726,0.49492385786802034,0.5050761421319797,6240,0.4780092592592592,0.5219907407407407,5274,0.3687436159346272,0.6312563840653728,5508,0.2940584088620342,0.7059415911379657,6006,0.43059777102330293,0.5694022289766971,5794,0.3140830800405268,0.6859169199594731,5134,0.22163865546218492,0.7783613445378151,5464,-0.28104179488781506,-0.04976607817759837,-0.25765755931578954,-0.16561925085943774,0.011221259965794761,-0.015598998854979673,0.031062673675259167,-0.03956018663037281,-0.16692600443196576,-0.10395141959369708,-0.23326955315747316,-0.29543633100544753,-0.3386329963363721,-0.3817443769813451,-0.42477080903799447,-0.46771262662107915,-0.510570161877979,5043.166666666667,5359.0,5295.833333333333,5232.666666666667,5169.5,5106.333333333333
93,Warren,0.39551478083588176,0.6044852191641182,9826,0.32723358449946177,0.6727664155005382,9071,0.362086258776329,0.6379137412236711,9193,0.44108761329305135,0.5589123867069486,8254,0.5235792019347038,0.4764207980652963,8446,0.5408734602463605,0.45912653975363943,7250,0.4748201438848921,0.5251798561151079,7631,0.46834170854271356,0.5316582914572864,8457,0.5412004069175992,0.45879959308240076,8061,0.5275510204081633,0.4724489795918367,7818,0.4113856068743287,0.5886143931256713,7807,-0.0912948434756713,-0.10531083316411827,-0.28621344850053826,-0.133854277223671,0.058948712293051375,0.013056345211703735,0.0939268746623605,0.06651634131989209,0.007357295248713591,0.006651216300599172,-0.01980161278983672,-0.06504823703939167,-0.08314303304192094,-0.10120210385633754,-0.11922559027172497,-0.13721363224651384,-0.15516636891504731,7625.083333333333,7804.25,7768.416666666667,7732.583333333333,7696.75,7660.916666666667
94,Washington,0.4181078331637843,0.5818921668362156,7844,0.28719008264462814,0.7128099173553719,7762,0.3152610441767068,0.6847389558232932,7516,0.3945509586276489,0.6054490413723512,6874,0.4987373737373737,0.5012626262626263,7555,0.45102505694760814,0.5489749430523918,6927,0.37755102040816324,0.6224489795918368,7138,0.37022132796780677,0.6297786720321932,8104,0.42741116751269037,0.5725888324873096,7932,0.3384615384615385,0.6615384615384615,7435,0.20656779661016947,0.7934322033898306,7438,-0.29611265373983053,-0.08271778083621573,-0.3262569503553719,-0.18067949182329318,0.01241205762764891,-0.011785482985626317,0.004078471363608116,-0.030752782156836744,-0.0907630853261932,-0.10713802310430964,-0.2088910947364615,-0.279934196067785,-0.32161578500196697,-0.3632150805184722,-0.404732406926712,-0.4461680866226345,-0.4875224401040157,8254.25,7818.0,7905.25,7992.5,8079.75,8167.0
95,Wayne,0.4521651560926485,0.5478348439073515,9581,0.35154639175257735,0.6484536082474227,9557,0.2938816449348044,0.7061183550651956,8951,0.36381909547738694,0.636180904522613,8660,0.4670807453416149,0.5329192546583851,8872,0.43103448275862066,0.5689655172413793,8140,0.29226069246435843,0.7077393075356415,7693,0.25955734406438635,0.7404426559356136,8287,0.3211382113821138,0.6788617886178862,8071,0.20205128205128203,0.7979487179487179,7697,0.1305699481865285,0.8694300518134715,8301,-0.37211050216347147,-0.04866045790735152,-0.2619006412474227,-0.2020588910651956,-0.01831980552261303,-0.043442111381385096,-0.01591210282537936,-0.11604311010064156,-0.20142706922961362,-0.21341097923488622,-0.34530135114671795,-0.4146677845913018,-0.4696181531919592,-0.5244600313595242,-0.579193846642994,-0.6338200240688252,-0.688338986160943,7310.25,7786.5,7691.25,7596.0,7500.75,7405.5
96,White,0.5356068204613842,0.46439317953861586,9933,0.3962655601659751,0.6037344398340249,9072,0.38615847542627885,0.6138415245737212,8983,0.4879518072289157,0.5120481927710844,8531,0.5849282296650717,0.4150717703349283,8811,0.5526315789473684,0.4473684210526316,7352,0.3953013278855976,0.6046986721144024,7637,0.3722334004024145,0.6277665995975855,8301,0.45408163265306123,0.5459183673469388,7453,0.316274309109519,0.6837256908904811,7082,0.20062370062370063,0.7993762993762994,7335,-0.30205674972629937,0.03478120646138416,-0.21718147283402495,-0.10978206057372114,0.1058129062289157,0.07440537294207172,0.10568499336336834,-0.01300247467940241,-0.08875101289158549,-0.08046755796393879,-0.231078324088481,-0.32142512852314553,-0.3805304339537656,-0.4395190457143485,-0.4983914236819089,-0.5571480250202114,-0.6157893042013427,5997.571428571429,6952.9285714285725,6761.857142857143,6570.785714285716,6379.714285714286,6188.642857142858
97,Whiteside,0.4402834008097166,0.5597165991902834,25854,0.2926829268292683,0.7073170731707317,26064,0.40160642570281124,0.5983935742971888,28096,0.46579476861166996,0.53420523138833,24462,0.5483091787439613,0.45169082125603865,27153,0.5736782902137233,0.42632170978627665,23344,0.5339506172839507,0.4660493827160494,24837,0.5146022155085599,0.48539778449144005,26873,0.5891946992864424,0.4108053007135576,26994,0.5863125638406537,0.4136874361593462,25828,0.46645021645021645,0.5335497835497834,25582,-0.036230233899783526,-0.06054221319028341,-0.32076410617073176,-0.09433411029718874,0.08365586761166999,0.03778632202096133,0.12673170462972327,0.12564681471895067,0.05361780221455992,0.0546455086694424,0.038959930642653684,0.0008245322818538625,-0.012371486736341808,-0.025541452393028408,-0.03868546736166678,-0.05180363370994456,-0.06489605290458655,27240.190476190473,26394.892857142855,26563.952380952378,26733.011904761905,26902.071428571428,27071.13095238095
98,Will,0.45223577235772355,0.5477642276422764,114727,0.3774403470715835,0.6225596529284165,120658,0.3644578313253012,0.6355421686746988,124397,0.4054325955734406,0.5945674044265593,123731,0.5058064516129033,0.4941935483870967,152123,0.5264341957255343,0.47356580427446565,148304,0.48665297741273095,0.5133470225872689,191670,0.47230614300100704,0.527693856998993,249609,0.5669371196754565,0.43306288032454365,287181,0.5279755849440488,0.47202441505595116,278165,0.5336898395721925,0.4663101604278075,304226,0.03100938922219254,-0.04858984164227648,-0.2360066859284165,-0.1314827046746988,0.023293694573440604,-0.004716405110096744,0.07948761014153427,0.07834917484773096,0.011321729707007067,0.032387929058456444,-0.019377048253951146,0.016861906028148965,0.014189110882044886,0.01152159272880482,0.008859330772372331,0.006202304339392839,0.003550492878227729,484713.35714285716,343746.39285714284,371939.7857142857,400133.1785714285,428326.5714285715,456519.9642857143
99,Williamson,0.5595959595959595,0.4404040404040404,24553,0.42723492723492723,0.5727650727650727,26228,0.4373119358074223,0.5626880641925778,26630,0.5090543259557344,0.49094567404426553,25130,0.6026570048309179,0.3973429951690821,28760,0.5625,0.4375,25272,0.46557040082219936,0.5344295991778006,26939,0.3923541247484909,0.607645875251509,29960,0.424923391215526,0.5750766087844739,30266,0.3729508196721312,0.6270491803278689,29254,0.2843551797040169,0.7156448202959832,31852,-0.21832527064598306,0.058770345595959506,-0.1862121057650728,-0.05862860019257771,0.12691542495573443,0.09213414810791787,0.11555341441599998,0.057266598257199375,-0.06863028854550907,-0.10962579940147399,-0.1744018135258688,-0.26529992323821716,-0.31892330298163074,-0.37244081221243164,-0.4258528681548057,-0.47915988557127775,-0.5323622767823224,36066.107142857145,32046.64285714286,32850.53571428572,33654.42857142857,34458.321428571435,35262.21428571429
100,Winnebago,0.4452405322415558,0.5547594677584442,97387,0.39844760672703755,0.6015523932729625,105089,0.41005025125628136,0.5899497487437186,109451,0.448692152917505,0.5513078470824949,101550,0.533498759305211,0.46650124069478915,112215,0.5099118942731278,0.4900881057268723,99910,0.4917355371900826,0.5082644628099173,109297,0.4954682779456193,0.5045317220543806,121425,0.565439672801636,0.434560327198364,126704,0.5280898876404494,0.47191011235955055,119397,0.5005393743257821,0.49946062567421795,120055,-0.0021410760242178695,-0.05558508175844423,-0.21499942627296248,-0.08589028474371863,0.06655325191750505,0.02297590258221094,0.06296530868912775,0.08343173462508263,0.034483864651619345,0.03089048218463597,-0.019262745557550587,-0.009671013644968696,-0.019529444026709086,-0.029368410564828196,-0.03918798996420492,-0.048988258477187685,-0.05876929190711877,142992.60714285716,127638.14285714287,130709.03571428571,133779.92857142858,136850.82142857142,139921.7142857143
101,Woodford,0.3515704154002027,0.6484295845997974,13718,0.2478723404255319,0.7521276595744681,15054,0.2917505030181086,0.7082494969818913,15183,0.32696177062374243,0.6730382293762576,14078,0.4060240963855422,0.5939759036144578,16255,0.38167938931297707,0.6183206106870229,14967,0.33640081799591,0.66359918200409,16697,0.3209255533199195,0.6790744466800804,18703,0.3645621181262729,0.6354378818737272,19190,0.30061349693251527,0.6993865030674846,18533,0.2779587404994571,0.722041259500543,18454,-0.22472170985054285,-0.14925519859979736,-0.3655746925744681,-0.20419003298189137,-0.055177130376257544,-0.10449876033745781,-0.06526719627102295,-0.07190298456909,-0.14005885997408046,-0.1699870724907271,-0.24673913626548472,-0.25649086503132423,-0.28335584396624824,-0.31016778243441934,-0.33692688946253213,-0.36363337284402064,-0.3902874391489064,23521.785714285714,20146.964285714283,20821.928571428572,21496.892857142855,22171.85714285714,22846.821428571428
