,counties,1976D,1976R,1976Total,1980D,1980R,1980Total,1984D,1984R,1984Total,1988D,1988R,1988Total,1992D,1992R,1992Total,1996D,1996R,1996Total,2000D,2000R,2000Total,2004D,2004R,2004Total,2008D,2008R,2008Total,2012D,2012R,2012Total,2016D,2016R,2016Total,Partisan Lean 1976,Partisan Lean 1980,Partisan Lean 1984,Partisan Lean 1988,Partisan Lean 1992,Partisan Lean 1996,Partisan Lean 2000,Partisan Lean 2004,Partisan Lean 2008,Partisan Lean 2012,Partisan Lean 2016,Partisan Lean 2020,Partisan Lean 2024,Partisan Lean 2028,Partisan Lean 2032,Partisan Lean 2036,Partisan Lean 2040,2040Total,2020Total,2024Total,2028Total,2032Total,2036Total
0,Baker,0.49739854318418314,0.5026014568158168,6919,0.3465783664459161,0.653421633554084,8013,0.3326653306613227,0.6673346693386774,7812,0.4393782383419689,0.5606217616580311,6826,0.4555873925501433,0.5444126074498568,7530,0.3907910271546635,0.6092089728453365,7703,0.28118393234672306,0.718816067653277,8258,0.29531568228105903,0.7046843177189409,9034,0.33195020746887965,0.6680497925311204,8777,0.2931937172774869,0.7068062827225131,8448,0.2245345016429354,0.7754654983570646,8779,-0.0034270708158168905,-0.2668686665540839,-0.1632752053386773,0.0572393373419689,-0.05493546417285672,-0.056155558429336505,-0.12711987021827692,-0.16566873101294094,-0.20259898314812036,-0.2541589159205131,-0.27814594870706455,-0.33928822231976596,-0.3843429423727116,-0.42930870931729714,-0.47418587370810883,-0.5189747840313146,-0.563675786721376,10686.761904761905,9361.82142857143,9626.809523809523,9891.797619047618,10156.785714285714,10421.77380952381
1,Benton,0.43329775880469584,0.5667022411953042,29307,0.46748466257668714,0.5325153374233129,34507,0.47389558232931733,0.5261044176706827,34062,0.5474974463738509,0.45250255362614905,31610,0.6084724005134787,0.39152759948652116,37923,0.5802325581395349,0.4197674418604651,34500,0.551462621885157,0.4485373781148429,38226,0.589430894308943,0.41056910569105687,45735,0.6622039134912462,0.33779608650875387,46478,0.6492146596858639,0.3507853403141361,44802,0.6845714285714286,0.31542857142857145,48753,-0.06752785519530419,-0.1459623704233129,-0.022044953670682654,0.16535854537385092,0.09794954379047871,0.13328597255553487,0.14315881932015706,0.12844648101494305,0.12765472287424617,0.10186202648786391,0.18189097822142863,0.14043470100637911,0.14164527202373733,0.14285345296843133,0.144059253259476,0.1452626822603147,0.14646374927926242,63378.02380952381,51601.892857142855,53957.11904761905,56312.34523809524,58667.57142857143,61022.79761904762
2,Clackamas,0.47132429614181437,0.5286757038581856,93959,0.4282407407407407,0.5717592592592592,109483,0.407815631262525,0.5921843687374749,116173,0.4933875890132248,0.5066124109867751,123351,0.5284552845528455,0.47154471544715443,154538,0.5319634703196348,0.46803652968036535,145146,0.49631190727081137,0.5036880927291886,162262,0.493427704752275,0.506572295247725,195000,0.5528205128205128,0.4471794871794872,191878,0.5185185185185186,0.4814814814814815,189332,0.5359550561797753,0.4640449438202247,214039,-0.02950131785818566,-0.18520629225925933,-0.08812490473747497,0.11124868801322485,0.0179324278298455,0.08501688473563473,0.08800810470581139,0.032443291458275014,0.018271322203512796,-0.028834114679481382,0.03327460582977537,-0.010625843478194952,-0.022832624899962184,-0.035015306046574324,-0.04717398189460198,-0.059308746860239125,-0.07141969480377242,282971.10714285716,224535.39285714284,236222.5357142857,247909.67857142858,259596.82142857142,271283.96428571426
3,Clatsop,0.5195767195767196,0.4804232804232804,13616,0.5142517814726841,0.485748218527316,14959,0.5,0.5,15085,0.5755102040816327,0.4244897959183674,14316,0.6214382632293081,0.37856173677069205,16812,0.5919811320754716,0.40801886792452824,15405,0.5442764578833693,0.45572354211663074,16474,0.5519348268839104,0.4480651731160896,19309,0.5979274611398964,0.4020725388601036,18548,0.5760416666666667,0.4239583333333334,17818,0.5322033898305085,0.46779661016949153,19664,0.01875110557671955,-0.0991952515273159,0.004059464000000013,0.1933713030816327,0.11091540650630805,0.14503454649147163,0.13597265531836933,0.0909504135899104,0.06337827052289635,0.02868903346866669,0.029522939480508548,0.0010610250504612395,-0.020720341361226247,-0.04245870406002439,-0.06415423251885954,-0.08580709521081076,-0.10741745961698257,23482.95238095238,20225.214285714286,20876.761904761905,21528.309523809523,22179.85714285714,22831.404761904763
4,Columbia,0.6052356020942408,0.3947643979057592,13859,0.5180586907449211,0.48194130925507905,15505,0.5125628140703518,0.48743718592964824,16105,0.5831622176591376,0.41683778234086244,15806,0.6140602582496414,0.3859397417503587,19402,0.5990453460620525,0.40095465393794744,18476,0.5242195909580194,0.4757804090419806,21195,0.5142857142857142,0.4857142857142857,24917,0.562955254942768,0.43704474505723206,24768,0.5272536687631026,0.47274633123689724,23875,0.43458475540386804,0.565415244596132,26618,0.10440998809424074,-0.09538834225507897,0.01662227807035177,0.20102331665913759,0.10353740152664137,0.15209876047805249,0.11591578839301941,0.05330130099171426,0.028406064325767977,-0.020098964434897337,-0.06809569494613193,-0.08594680393082399,-0.12054059100975678,-0.15506607836587705,-0.1895235351610154,-0.22391322896885413,-0.25823542578768865,35526.72619047619,28345.357142857145,29781.630952380954,31217.904761904763,32654.178571428572,34090.45238095238
5,Coos,0.5993723849372385,0.4006276150627615,24725,0.4750566893424037,0.5249433106575964,28176,0.498995983935743,0.501004016064257,27339,0.579650565262076,0.42034943473792397,24836,0.5652777777777778,0.43472222222222223,29659,0.52757793764988,0.47242206235011985,27638,0.4261057173678533,0.5738942826321467,29379,0.4402451481103166,0.5597548518896833,33362,0.4838709677419355,0.5161290322580646,30951,0.4666666666666666,0.5333333333333333,28686,0.36906077348066296,0.630939226519337,31313,0.09854677093723851,-0.13839034365759634,0.0030554479357430275,0.19751166426207606,0.05475492105477775,0.08063135206588001,0.017801914802853314,-0.020739265183683353,-0.050678222875064516,-0.08068596653133336,-0.133619676869337,-0.17492648350912532,-0.2153350870229076,-0.2556639104186331,-0.2959132681010317,-0.33608347261989024,-0.37617483468469004,35629.92857142857,32392.071428571428,33039.642857142855,33687.21428571429,34334.78571428572,34982.357142857145
6,Crook,0.5479876160990712,0.45201238390092874,4777,0.41,0.59,5862,0.3755020080321285,0.6244979919678716,6064,0.4714285714285715,0.5285714285714286,5882,0.4811715481171548,0.5188284518828452,7271,0.44510739856801906,0.5548926014319809,6989,0.31573389651531153,0.6842661034846885,8277,0.3068297655453619,0.6931702344546382,10051,0.36335403726708076,0.6366459627329193,10352,0.3133402275077559,0.6866597724922441,10230,0.23689956331877726,0.7631004366812227,12172,0.047162002099071176,-0.20344703300000005,-0.12043852796787147,0.0892896704285715,-0.029351308605845228,-0.0018391870159809587,-0.09256990604968846,-0.15415464774863807,-0.17119515334991925,-0.23401240569024406,-0.2657808870312227,-0.32524211704503614,-0.373320096028948,-0.42130315297876564,-0.4691916619719052,-0.516985994878695,-0.5646865213799686,16897.47619047619,12689.857142857141,13531.380952380952,14372.904761904761,15214.42857142857,16055.95238095238
7,Curry,0.5215562565720295,0.4784437434279706,6507,0.35129068462401797,0.6487093153759821,8488,0.3895582329317269,0.6104417670682731,8815,0.45790554414784396,0.542094455852156,9012,0.5021645021645021,0.49783549783549785,11050,0.4670731707317073,0.5329268292682927,10972,0.38419913419913415,0.6158008658008658,11513,0.41590214067278286,0.5840978593272171,12799,0.4402907580477674,0.5597092419522326,12332,0.41207075962539025,0.5879292403746098,11678,0.37349397590361444,0.6265060240963854,12611,0.0207306425720295,-0.26215634837598206,-0.10638230306827307,0.07576664314784398,-0.008358354558497871,0.020126585147707265,-0.024104668365865833,-0.04508227262121711,-0.09425843256923261,-0.13528187357260973,-0.12918647444638554,-0.17248193490554797,-0.20116544103348133,-0.22979231631286723,-0.258362783919722,-0.2868770657132984,-0.3153353822465874,15307.071428571428,13301.17857142857,13702.357142857141,14103.535714285714,14504.714285714284,14905.892857142855
8,Deschutes,0.5115062761506276,0.48849372384937245,19382,0.38843930635838153,0.6115606936416185,28715,0.37675350701402804,0.6232464929859719,31066,0.4647599591419816,0.5352400408580184,31366,0.5007012622720898,0.49929873772791017,43918,0.4479905437352246,0.5520094562647755,45282,0.4070512820512821,0.592948717948718,57885,0.42741116751269037,0.5725888324873096,74048,0.4984646878198567,0.5015353121801432,79782,0.4654282765737874,0.5345717234262125,81900,0.48156424581005586,0.5184357541899441,98557,0.010680662150627573,-0.2250077266416185,-0.11918702898597194,0.08262105814198162,-0.009821594450910243,0.0010439581512246,-0.0012525205137178808,-0.0335732457813096,-0.036084502797143314,-0.0819243566242126,-0.021116204539944117,-0.07827375790161994,-0.09279057780593547,-0.10727873664539089,-0.12173834737013323,-0.13616952226387724,-0.15057237294925585,152296.35714285716,105873.14285714286,115157.78571428571,124442.42857142857,133727.07142857142,143011.7142857143
9,Douglas,0.47589098532494756,0.5241090146750523,32973,0.35215946843853824,0.6478405315614618,39516,0.36646586345381527,0.6335341365461847,39996,0.4614594039054471,0.538540596094553,38415,0.42600276625172895,0.5739972337482712,45860,0.41129032258064513,0.5887096774193548,42769,0.3191940615058324,0.6808059384941675,47220,0.33468972533062047,0.6653102746693794,54984,0.3960703205791107,0.6039296794208894,52937,0.3575883575883576,0.6424116424116425,49803,0.28932893289328937,0.7106710671067107,53521,-0.024934628675052473,-0.2612875645614618,-0.12947467254618472,0.07932050290544712,-0.08452009047127107,-0.03565626300335489,-0.08910974105916758,-0.1262946879633795,-0.13847887003788933,-0.18976427560964237,-0.2133515174567106,-0.25571373262872044,-0.2901472668866347,-0.324512817814508,-0.3588106533272537,-0.39304103975908333,-0.42720424187604067,66705.14285714286,56959.607142857145,58908.71428571428,60857.82142857143,62806.928571428565,64756.03571428571
10,Gilliam,0.45369406867845996,0.5463059313215402,1166,0.38789237668161436,0.6121076233183856,1140,0.3453815261044177,0.6546184738955824,1073,0.47017189079878663,0.5298281092012133,897,0.4979253112033195,0.5020746887966805,1038,0.5488810365135454,0.4511189634864546,1040,0.3455882352941177,0.6544117647058824,1090,0.32894736842105265,0.6710526315789473,1138,0.3985581874356334,0.6014418125643667,1110,0.3676470588235294,0.6323529411764706,1061,0.2631578947368421,0.7368421052631579,1019,-0.04713154532154007,-0.22555465631838567,-0.1505590098955823,0.08803298979878665,-0.012597545519680509,0.10193445092954534,-0.06271556727088229,-0.13203704487294732,-0.1359910031813666,-0.1797055743744706,-0.23952255561315788,-0.2804069480137912,-0.3265072692418016,-0.3725165729945559,-0.41843521796201344,-0.46426356071785335,-0.5100019557362714,1187.892857142857,1114.857142857143,1129.4642857142858,1144.0714285714284,1158.6785714285713,1173.2857142857142
11,Grant,0.45877378435517974,0.5412262156448203,3206,0.3355408388520971,0.6644591611479029,4187,0.33299999999999996,0.667,4041,0.3883696780893042,0.6116303219106958,3844,0.4318181818181818,0.5681818181818182,3986,0.358974358974359,0.6410256410256411,3837,0.16054564533053517,0.8394543546694648,3846,0.19571865443425074,0.8042813455657493,4061,0.2652218782249742,0.7347781217750258,3909,0.2256728778467909,0.7743271221532091,3911,0.18681318681318682,0.8131868131868132,4340,-0.04205182964482029,-0.2779061941479029,-0.16294053600000002,0.006230777089304251,-0.0787046749048182,-0.08797222660964105,-0.24775815723446482,-0.26526575885974923,-0.26932731239202584,-0.3216797553512091,-0.31586726353681316,-0.4128936308822517,-0.46043301461338615,-0.5078785396778756,-0.5552305759624971,-0.6024894911716956,-0.6496556508449203,4365.75,4155.75,4197.75,4239.75,4281.75,4323.75
12,Harney,0.48677248677248675,0.5132275132275133,3407,0.3241150442477876,0.6758849557522124,3785,0.36958710976837866,0.6304128902316213,3512,0.42946058091286304,0.5705394190871369,3330,0.4194484760522496,0.5805515239477503,3372,0.3349339735894358,0.6650660264105642,3515,0.21465968586387435,0.7853403141361257,3734,0.22998986828774062,0.7700101317122594,3702,0.2679127725856698,0.7320872274143302,3683,0.24166666666666667,0.7583333333333333,3583,0.19005524861878453,0.8099447513812155,3974,-0.014053127227513285,-0.28933198875221244,-0.12635342623162132,0.04732167991286307,-0.09107438067075041,-0.11201261199456425,-0.19364411670112563,-0.23099454500625935,-0.2666364180313302,-0.3056859665313333,-0.31262520173121544,-0.4018645602436095,-0.45014237103995924,-0.4983248652672785,-0.546412418557793,-0.5944054043275173,-0.642304193793791,4294.1547619047615,3934.9285714285716,4006.773809523809,4078.6190476190477,4150.464285714285,4222.309523809524
13,Hood River,0.49213011542497376,0.5078698845750262,6636,0.4587973273942093,0.5412026726057906,7092,0.4002006018054163,0.5997993981945838,7571,0.5015353121801432,0.4984646878198567,6689,0.5585331452750353,0.4414668547249647,7841,0.5663924794359577,0.43360752056404234,7574,0.5225027442371021,0.4774972557628979,8549,0.5756345177664975,0.4243654822335025,9859,0.658787255909558,0.34121274409044194,9830,0.6383419689119171,0.36165803108808287,9838,0.6655518394648829,0.33444816053511706,10910,-0.008695498575026273,-0.15464970560579072,-0.09573993419458371,0.11939641118014327,0.04801028855203526,0.1194458938519577,0.1141989416721021,0.11465010447249757,0.12423806529255799,0.0909893357139171,0.16287138911488297,0.1402141044587708,0.14650316059591617,0.152779800029748,0.15904407169313828,0.16529602423026546,0.17153570599888113,14270.714285714286,11436.785714285714,12003.571428571428,12570.357142857143,13137.142857142859,13703.928571428572
14,Jackson,0.49102428722280883,0.5089757127771911,50236,0.3770856507230255,0.6229143492769744,58740,0.3801404212637914,0.6198595787362087,61359,0.46319018404907975,0.5368098159509203,61912,0.504,0.49600000000000005,77096,0.46378504672897203,0.5362149532710281,73647,0.41862955032119914,0.5813704496788008,84796,0.4397163120567376,0.5602836879432624,102189,0.5005149330587024,0.4994850669412977,101047,0.4755970924195223,0.5244029075804777,97127,0.45222222222222225,0.5477777777777777,109327,-0.0098013267771912,-0.2363613822769745,-0.1158001147362086,0.08105128304907977,-0.0065228567230000145,0.016838461144972006,0.010325747756199155,-0.02126810123726236,-0.03403425755829759,-0.07175554077847768,-0.05045822812777773,-0.08590693598380028,-0.10277890102528886,-0.11961755515658012,-0.13642302965234876,-0.15319545501272103,-0.1699349609694849,148520.04761904763,116874.03571428571,123203.2380952381,129532.44047619047,135861.64285714284,142190.84523809524
15,Jefferson,0.4941921858500528,0.5058078141499472,3777,0.3956916099773243,0.6043083900226758,4737,0.3691073219658977,0.6308926780341023,5216,0.4835390946502057,0.5164609053497943,4995,0.5243553008595988,0.4756446991404011,5906,0.4922341696535245,0.5077658303464755,6195,0.41164021164021164,0.5883597883597884,6897,0.40526849037487334,0.5947315096251267,8115,0.455761316872428,0.5442386831275721,8318,0.4156378600823046,0.5843621399176955,8175,0.35195530726256985,0.6480446927374302,9459,-0.006633428149947218,-0.21775542302267575,-0.1268332140341023,0.10140019365020575,0.013832444136598787,0.04528758406952449,0.003336409075211655,-0.05571592291912664,-0.07878787374457202,-0.1317147731156954,-0.15072514308743012,-0.18774229519175378,-0.22220332322180525,-0.256596313639875,-0.29092153457486347,-0.3251792525735766,-0.35936973261345884,12932.619047619048,9945.714285714286,10543.095238095237,11140.47619047619,11737.857142857143,12335.238095238095
16,Josephine,0.4578441835645678,0.5421558164354323,21110,0.297029702970297,0.7029702970297029,26336,0.3046092184368737,0.6953907815631263,28062,0.4012345679012346,0.5987654320987654,27272,0.4587412587412587,0.5412587412587413,33559,0.40898345153664306,0.591016548463357,32111,0.3484358144552319,0.6515641855447681,36733,0.3669724770642202,0.6330275229357799,42275,0.43124999999999997,0.56875,42049,0.3875,0.6124999999999999,40238,0.33333333333333337,0.6666666666666667,44560,-0.04298143043543223,-0.316417330029703,-0.19133131756312627,0.019095666901234598,-0.05178159798174131,-0.03796313404735696,-0.05986798810976807,-0.09401193622977977,-0.10329919061700005,-0.15985263319799997,-0.1693471170166666,-0.19369264414396525,-0.21832081540247827,-0.24290036240181223,-0.26743147676485535,-0.2919143489839655,-0.31634916842985206,58811.369047619046,47515.71428571429,49774.84523809524,52033.97619047618,54293.107142857145,56552.23809523809
17,Klamath,0.453125,0.546875,22187,0.314410480349345,0.6855895196506551,25592,0.2998996990972919,0.7001003009027081,25335,0.38461538461538464,0.6153846153846154,22470,0.40053763440860213,0.5994623655913979,26593,0.3726851851851852,0.6273148148148148,22360,0.2858649789029536,0.7141350210970464,27844,0.26653102746693796,0.733468972533062,31515,0.3292053663570691,0.6707946336429308,29399,0.30538302277432716,0.6946169772256728,28152,0.2604856512141281,0.739514348785872,30507,-0.04770061400000003,-0.29903655265065504,-0.19604083690270807,0.0024764836153846614,-0.10998522231439789,-0.07426140039881485,-0.12243882366204639,-0.194453385827062,-0.20534382425993092,-0.24196961042367282,-0.24219479913587189,-0.3000879738985418,-0.3335468345148911,-0.3669396361334236,-0.4002666390855154,-0.43352810216646276,-0.46672428264790256,37402.607142857145,32114.39285714286,33172.03571428572,34229.67857142857,35287.321428571435,36344.96428571429
18,Lake,0.4670846394984326,0.5329153605015674,3088,0.3391494002181025,0.6608505997818975,3689,0.3243243243243243,0.6756756756756757,3653,0.3639143730886851,0.636085626911315,3463,0.36265223274695535,0.6373477672530447,3802,0.30022831050228316,0.699771689497717,3652,0.20021074815595363,0.7997892518440464,3729,0.20854526958290948,0.7914547304170906,3905,0.2659137577002053,0.7340862422997946,3688,0.2155440414507772,0.7844559585492228,3710,0.17489270386266095,0.8251072961373391,3930,-0.03374097450156743,-0.2742976327818975,-0.1716162116756757,-0.018224527911314903,-0.14787062397604467,-0.14671827508171686,-0.20809305440904635,-0.2524391437110905,-0.2686354329167947,-0.33180859174722277,-0.327787746487339,-0.39946933540744567,-0.440699933647835,-0.4818491288772577,-0.5229172418960673,-0.5639045916119869,-0.6048114950549746,4084.6785714285716,3900.5714285714284,3937.3928571428573,3974.214285714286,4011.035714285714,4047.857142857143
19,Lane,0.5495780590717299,0.45042194092827004,108367,0.48826291079812206,0.5117370892018779,125604,0.5100200400801603,0.48997995991983967,125852,0.5953109072375128,0.4046890927624873,119702,0.6395806028833552,0.36041939711664484,151862,0.5902612826603325,0.40973871733966744,139787,0.5602605863192183,0.4397394136807818,152188,0.589430894308943,0.41056910569105687,185872,0.6409465020576132,0.35905349794238683,182910,0.6212278876170656,0.37877211238293446,171850,0.6045197740112994,0.3954802259887006,191950,0.04875244507172982,-0.12518412220187797,0.014079504080160343,0.2131720062375128,0.12905774616035515,0.1433146970763325,0.15195678375421828,0.12844648101494305,0.10639731144061315,0.07387525441906562,0.10183932366129944,0.06746825160848857,0.0534417544665331,0.03944295032806622,0.02547173005797987,0.011527985165059818,-0.002388392203130252,248954.7142857143,203197.0357142857,212348.57142857142,221500.10714285716,230651.64285714284,239803.17857142858
20,Lincoln,0.5371549893842887,0.46284501061571126,13199,0.4783625730994152,0.5216374269005848,17127,0.4864593781344032,0.5135406218655968,17804,0.565843621399177,0.43415637860082307,17443,0.6271186440677966,0.3728813559322034,21623,0.6109785202863961,0.3890214797136038,20607,0.562363238512035,0.437636761487965,21118,0.5747711088504578,0.4252288911495422,24325,0.6186528497409327,0.38134715025906735,23889,0.6066597294484911,0.39334027055150883,22984,0.554932735426009,0.44506726457399104,25256,0.03632937538428871,-0.13508445990058482,-0.009481157865596779,0.183704720399177,0.11659578734479659,0.16403193470239608,0.15405943594703497,0.11378669555645782,0.0841036591239327,0.05930709625049113,0.052252285076008986,0.036628882962901343,0.019111805839742146,0.0016293132941171962,-0.015818730968035766,-0.03323246243662936,-0.050612015803835675,30586.761904761905,26149.321428571428,27036.809523809527,27924.29761904762,28811.785714285714,29699.27380952381
21,Linn,0.5276907001044931,0.4723092998955068,31241,0.4161073825503356,0.5838926174496645,36293,0.407815631262525,0.5921843687374749,39699,0.4815950920245398,0.5184049079754601,36122,0.48364153627311524,0.5163584637268848,45287,0.4813084112149533,0.5186915887850467,41325,0.39704329461457233,0.6029567053854277,44388,0.3892276422764227,0.6107723577235772,52041,0.44099378881987583,0.5590062111801243,51982,0.4129301355578728,0.5870698644421272,51426,0.34931506849315075,0.6506849315068494,58719,0.02686508610449312,-0.19733965044966445,-0.08812490473747497,0.09945619102453984,-0.026881320449884782,0.0343618256309533,-0.011260507950427656,-0.07175677101757727,-0.09355540179712418,-0.1344224976401272,-0.15336538185684923,-0.19160730258069236,-0.2240424562807135,-0.25641357212326454,-0.28872090247459425,-0.3209646982119523,-0.3531452087354552,73503.28571428571,59902.21428571428,62622.428571428565,65342.642857142855,68062.85714285713,70783.07142857142
22,Malheur,0.38179916317991636,0.6182008368200838,9610,0.27564102564102566,0.7243589743589743,11364,0.23647294589178355,0.7635270541082164,11071,0.32040816326530613,0.6795918367346938,9443,0.32075471698113206,0.6792452830188679,10663,0.31884057971014496,0.6811594202898551,9892,0.2348643006263048,0.7651356993736952,10404,0.24113475177304963,0.7588652482269503,10846,0.29205366357069146,0.7079463364293086,10433,0.28704663212435233,0.7129533678756477,9956,0.23783185840707963,0.7621681415929203,10435,-0.11902645082008367,-0.33780600735897437,-0.2594675901082164,-0.06173073773469384,-0.18976813974186796,-0.12810600587385507,-0.17343950193869517,-0.21984966152095034,-0.24249552704630856,-0.26030600107364765,-0.2648485919429203,-0.30815345267126304,-0.33366933511815944,-0.35913484066664125,-0.3845501678465837,-0.40991551401651805,-0.43523107537296823,10878.083333333334,10552.25,10617.416666666666,10682.583333333334,10747.75,10812.916666666666
23,Marion,0.48747390396659707,0.5125260960334028,72331,0.432183908045977,0.5678160919540229,85449,0.40080160320641284,0.5991983967935872,91209,0.4759467758444217,0.5240532241555783,88492,0.4940397350993377,0.5059602649006623,110334,0.5118644067796609,0.488135593220339,107463,0.46235418875927886,0.5376458112407211,113334,0.45223577235772355,0.5477642276422764,129619,0.511340206185567,0.488659793814433,124563,0.4834710743801653,0.5165289256198348,120376,0.4768361581920904,0.5231638418079095,136840,-0.013351710033402964,-0.18126312495402302,-0.09513893279358715,0.09380787484442171,-0.016483121623662333,0.06491782119566092,0.05405038619427888,-0.00874864093627642,-0.023208984431433044,-0.0638815588178347,-0.025844292157909565,-0.06552227226936225,-0.08204532729982361,-0.09853576028530853,-0.11499369978574947,-0.13141927360256034,-0.14781260878469027,167975.17857142858,140818.57142857142,146249.89285714287,151681.2142857143,157112.53571428574,162543.85714285716
24,Morrow,0.5157563025210083,0.4842436974789916,2367,0.3840985442329227,0.6159014557670773,3141,0.3704819277108434,0.6295180722891567,3397,0.47341513292433535,0.5265848670756647,2970,0.4970588235294117,0.5029411764705882,3474,0.5077105575326216,0.49228944246737844,3331,0.350210970464135,0.6497890295358649,3609,0.332657200811359,0.667342799188641,4149,0.3595854922279793,0.6404145077720207,4058,0.32224532224532226,0.6777546777546778,3882,0.27201783723522854,0.7279821627647716,4167,0.014930688521008317,-0.2293484887670773,-0.12545860828915661,0.09127623192433537,-0.013464033193588298,0.0607639719486216,-0.058092832100864966,-0.12832721248264095,-0.1749636983890207,-0.22510731095267772,-0.23066261311477143,-0.30316584413324676,-0.35136595897532175,-0.3994709106462153,-0.4474810741736519,-0.4953968223726122,-0.5432185258630682,5191.071428571428,4408.928571428571,4565.357142857143,4721.785714285714,4878.214285714285,5034.642857142857
25,Multnomah,0.5345911949685535,0.4654088050314465,253159,0.5425904317386231,0.4574095682613769,258968,0.5457286432160804,0.4542713567839196,265539,0.6279306829765546,0.3720693170234455,261843,0.6955974842767295,0.30440251572327043,298291,0.6923976608187135,0.30760233918128654,269961,0.6924754634678298,0.3075245365321701,296685,0.7254305977710234,0.27456940222897674,362694,0.7882836587872558,0.21171634121274407,364710,0.7854166666666668,0.21458333333333335,364722,0.8117386489479512,0.18826135105204872,399103,0.03376558096855342,-0.07085660126137694,0.0497881072160804,0.24579178197655466,0.1850746275537295,0.24545107523471343,0.28417166090282986,0.2644461844770234,0.2537344681702558,0.23806403346866678,0.30905819859795125,0.291283066839398,0.2996847361804029,0.3080698178120187,0.3164383771045891,0.3247904790428038,0.33312618822869666,513092.72619047615,415281.35714285716,434843.63095238095,454405.90476190473,473968.1785714285,493530.45238095237
26,Polk,0.4884210526315789,0.511578947368421,17530,0.43958573072497126,0.5604142692750288,20531,0.406813627254509,0.5931863727454909,21432,0.4770173646578141,0.5229826353421859,20621,0.48631029986962193,0.5136897001303782,25614,0.488135593220339,0.5118644067796609,25331,0.4429175475687104,0.5570824524312897,28449,0.4421906693711968,0.5578093306288032,35489,0.49743062692702983,0.5025693730729702,36207,0.47776628748707345,0.5222337125129266,35257,0.4640820980615736,0.5359179019384265,40295,-0.012404561368421108,-0.17386130227502877,-0.08912690874549101,0.0948784636578141,-0.024212556853378087,0.04118900763633898,0.034613745003710394,-0.018793743922803197,-0.037118563689970185,-0.06958634571092653,-0.038598352288426396,-0.07962193947336971,-0.09671231726417773,-0.11376895292485756,-0.13079197942947474,-0.14778152896752772,-0.1647377329502291,56422.27380952381,42993.642857142855,45679.36904761905,48365.09523809524,51050.82142857143,53736.54761904762
27,Sherman,0.46436058700209637,0.5356394129979035,1109,0.3644346871569704,0.6355653128430296,1170,0.3243243243243243,0.6756756756756757,1227,0.4394250513347022,0.5605749486652977,1016,0.46022727272727265,0.5397727272727272,1116,0.48259860788863107,0.5174013921113689,1067,0.32452431289640593,0.6754756871035941,1062,0.3594704684317719,0.6405295315682281,1104,0.3778234086242299,0.62217659137577,1047,0.3199588477366256,0.6800411522633745,1026,0.2165397170837867,0.7834602829162133,1017,-0.03646502699790366,-0.24901234584302961,-0.1716162116756757,0.057286150334702246,-0.050295583995727366,0.03565202230463105,-0.08377948966859405,-0.10151394486222809,-0.1567257819927701,-0.2273937854613744,-0.28614073326621325,-0.3089504278168249,-0.354720682409436,-0.40040057118886807,-0.44599045027695183,-0.4914906736944147,-0.5369015933775074,1004.7380952380953,1032.1785714285716,1026.6904761904764,1021.2023809523811,1015.7142857142858,1010.2261904761906
28,Tillamook,0.5250521920668059,0.4749478079331942,8867,0.5234822451317296,0.4765177548682703,9903,0.4864321608040201,0.5135678391959799,10308,0.5625,0.43750000000000006,10070,0.6005471956224351,0.399452804377565,11484,0.5978898007033998,0.4021101992966002,11332,0.49946409431939975,0.5005359056806001,12376,0.4908722109533469,0.5091277890466532,13951,0.5512953367875648,0.4487046632124352,13297,0.5256008359456635,0.4743991640543365,12519,0.46860986547085204,0.5313901345291481,13803,0.024226578066805837,-0.08996478786827045,-0.009508375195979912,0.18036109900000002,0.09002433889943506,0.1509432151193998,0.09116029175439977,0.029887797659346904,0.016746146170564802,-0.021751797252336447,-0.034070584879147936,-0.07183870587115848,-0.10158551297480756,-0.13127358991764027,-0.16090316814882044,-0.19047447775196247,-0.21998774745598837,16739.380952380954,14431.285714285714,14892.904761904763,15354.52380952381,15816.142857142857,16277.761904761905
29,Umatilla,0.46097814776274715,0.5390218522372529,18031,0.36273428886438813,0.6372657111356119,22414,0.36710130391173523,0.6328986960882648,22514,0.44841675178753826,0.5515832482124616,18981,0.4893917963224894,0.5106082036775106,19643,0.4749708963911524,0.5250291036088475,21495,0.3560924369747899,0.6439075630252101,23060,0.34279918864097364,0.6572008113590264,26322,0.3835051546391753,0.6164948453608247,25523,0.35647668393782384,0.6435233160621762,24969,0.31026785714285715,0.6897321428571429,27597,-0.03984746623725288,-0.2507127441356119,-0.12883923208826475,0.06627785078753828,-0.021131060400510604,0.028024310807152397,-0.05221136559021006,-0.11818522465302633,-0.15104403597782473,-0.19087594926017615,-0.19241259320714282,-0.25316720679995797,-0.29162741274711834,-0.330011685365605,-0.36832032390043423,-0.40655362583098054,-0.44471188688518737,35017.03571428571,28928.464285714286,30146.178571428572,31363.892857142855,32581.607142857145,33799.32142857143
30,Union,0.45549738219895286,0.5445026178010471,9829,0.3606194690265487,0.6393805309734513,11272,0.3835341365461848,0.6164658634538153,10829,0.4803312629399586,0.5196687370600415,10090,0.4858757062146893,0.5141242937853108,11588,0.4472769409038238,0.5527230590961761,11345,0.31322751322751324,0.6867724867724868,12076,0.332994923857868,0.667005076142132,13519,0.37809917355371897,0.621900826446281,12594,0.34199584199584204,0.658004158004158,12070,0.27857935627081026,0.7214206437291898,12968,-0.04532823180104717,-0.25282756397345135,-0.1124063994538152,0.09819236193995862,-0.024647150508310733,0.00033035531982378297,-0.09507628933748674,-0.12798948943613198,-0.15645001706328104,-0.20535679120215794,-0.2241010940791897,-0.287510746096757,-0.33069530393765945,-0.37379460099683115,-0.4168089732777389,-0.45973875480143533,-0.502584277622276,15169.190476190477,13517.642857142857,13847.952380952382,14178.261904761905,14508.571428571428,14838.880952380952
31,Wallowa,0.4360587002096436,0.5639412997903563,3149,0.2857142857142857,0.7142857142857143,3792,0.314629258517034,0.685370741482966,3831,0.4170081967213115,0.5829918032786885,3503,0.4244604316546763,0.5755395683453237,4074,0.35656213704994194,0.6434378629500581,4297,0.20333680917622524,0.7966631908237748,4294,0.28850102669404515,0.7114989733059548,4521,0.3446852425180598,0.6553147574819401,4465,0.3088082901554404,0.6911917098445596,4205,0.2819383259911894,0.7180616740088105,4366,-0.06476691379035643,-0.32773274728571433,-0.181311277482966,0.03486929572131153,-0.08606242506832373,-0.09038444853405808,-0.20496699338877475,-0.17248338659995482,-0.1898639480989402,-0.23854434304255956,-0.22074212435881058,-0.29658424508394887,-0.3298213141196982,-0.3629927620485063,-0.39609884747603985,-0.42913982748211765,-0.46211595763298874,5055.583333333334,4613.5,4701.916666666667,4790.333333333333,4878.75,4967.166666666667
32,Wasco,0.5172774869109947,0.48272251308900527,9240,0.4796380090497737,0.5203619909502262,10235,0.44433299899699097,0.555667001003009,12472,0.5353121801432958,0.4646878198567042,9834,0.5902777777777778,0.4097222222222222,10973,0.5755478662053057,0.4244521337946944,9952,0.46310160427807484,0.5368983957219252,10664,0.4817073170731707,0.5182926829268293,12002,0.5367114788004137,0.46328852119958636,11380,0.49895833333333334,0.5010416666666667,10873,0.45045045045045046,0.5495495495495495,11964,0.016451872910994703,-0.1338090239502263,-0.05160753700300902,0.15317327914329587,0.07975492105477777,0.1286012806213057,0.054797801713074856,0.020722903779170743,0.0021622881834136853,-0.048394299864666646,-0.05222999989954952,-0.09072790899315919,-0.12009947092280981,-0.14941304355129148,-0.1786688554081337,-0.20786713367454013,-0.23700810419407503,13220.77380952381,12028.392857142857,12266.869047619048,12505.345238095239,12743.82142857143,12982.297619047618
33,Washington,0.39979231568016615,0.6002076843198338,90611,0.3985932004689332,0.6014067995310668,111355,0.37011033099297896,0.6298896690070211,120896,0.47148676171079434,0.5285132382892057,129211,0.5415549597855228,0.4584450402144773,167195,0.5405405405405406,0.45945945945945943,159755,0.5126315789473684,0.48736842105263156,185974,0.5303643724696356,0.46963562753036436,231308,0.6133333333333333,0.3866666666666667,236632,0.5904860392967942,0.4095139607032058,237023,0.6480637813211845,0.35193621867881547,269232,-0.10103329831983388,-0.21485383253106682,-0.12583020500702102,0.08934786071079437,0.031032103062522798,0.09359395495654055,0.10432777638236845,0.06937995917563566,0.07878414271633327,0.043133406098794236,0.1453833309711845,0.10177332400265371,0.10616642956470557,0.1105508616649189,0.1149266544844636,0.11929384200284332,0.12365245799948354,383587.60714285716,288036.89285714284,307147.0357142857,326257.1785714286,345367.3214285715,364477.4642857143
34,Wheeler,0.5308641975308642,0.4691358024691358,779,0.3895089285714286,0.6104910714285715,808,0.33399999999999996,0.6659999999999999,757,0.4275210084033614,0.5724789915966386,673,0.42758620689655175,0.5724137931034483,860,0.41707317073170735,0.5829268292682926,874,0.2569593147751606,0.7430406852248395,841,0.28571428571428575,0.7142857142857143,880,0.3607924921793535,0.6392075078206464,812,0.328042328042328,0.671957671957672,858,0.2074643249176729,0.7925356750823271,818,0.030038583530864194,-0.22393810442857143,-0.16194053600000002,0.045382107403361405,-0.08293664982644827,-0.029873414852292668,-0.1513444877898394,-0.17527012757971422,-0.17375669843764652,-0.21931030515567196,-0.2952161254323271,-0.3233436875643463,-0.36485702990390223,-0.40628841100090085,-0.44763815385567796,-0.48890657956289374,-0.5300940073265679,924.0357142857143,872.9642857142858,883.1785714285714,893.3928571428572,903.6071428571429,913.8214285714287
35,Yamhill,0.47335423197492166,0.5266457680250785,18766,0.4193181818181818,0.5806818181818182,22667,0.3744979919678715,0.6255020080321285,25247,0.46153846153846156,0.5384615384615384,24744,0.4883081155433287,0.5116918844566712,31153,0.4849884526558892,0.5150115473441109,29891,0.42614240170031886,0.5738575982996812,34933,0.4242115971515768,0.5757884028484231,41411,0.49329205366357065,0.5067079463364293,42187,0.46625129802699894,0.5337487019730011,41305,0.45360824742268036,0.5463917525773195,42551,-0.027471382025078372,-0.19412885118181822,-0.12144254403212851,0.07939956053846159,-0.022214741179671316,0.03804186707188917,0.017838599135318878,-0.03677281614242317,-0.04125713695342936,-0.08110133517100104,-0.04907220292731962,-0.09127096066319496,-0.10879407895343718,-0.1262826007388611,-0.1437366623605243,-0.16115639935506465,-0.17854194646112376,60764.28571428571,47741.96428571429,50346.42857142857,52950.892857142855,55555.357142857145,58159.821428571435
