,Unnamed: 0,counties,1976D,1976R,1976Total,1980D,1980R,1980Total,1984D,1984R,1984Total,1988D,1988R,1988Total,1992D,1992R,1992Total,1996D,1996R,1996Total,2000D,2000R,2000Total,2004D,2004R,2004Total,2008D,2008R,2008Total,2012D,2012R,2012Total,2016D,2016R,2016Total,Partisan Lean 2016,Partisan Lean 1976,Partisan Lean 1980,Partisan Lean 1984,Partisan Lean 1988,Partisan Lean 1992,Partisan Lean 1996,Partisan Lean 2000,Partisan Lean 2004,Partisan Lean 2008,Partisan Lean 2012,Partisan Lean 2020,Partisan Lean 2024,Partisan Lean 2028,Partisan Lean 2032,Partisan Lean 2036,Partisan Lean 2040,2040Total,2020Total,2024Total,2028Total,2032Total,2036Total
0,0,Alameda,0.603125,0.396875,407681,0.5596755504055619,0.440324449594438,417617,0.5947315096251267,0.4052684903748733,480874,0.6558704453441295,0.3441295546558705,478997,0.7535885167464116,0.2464114832535885,530145,0.7401574803149605,0.2598425196850393,462044,0.7422459893048129,0.2577540106951872,494336,0.7634517766497462,0.23654822335025386,562090,0.8034800409416581,0.19651995905834185,622913,0.8130165289256198,0.18698347107438013,596893,0.8434125269978402,0.15658747300215986,659543,0.3322796181998402,0.092602143277,0.11272896482156192,0.18642770706012668,0.19488603205012955,0.21903932612941157,0.19280484711696055,0.23956553895481292,0.27589164423174617,0.2665915658206581,0.2933779064056198,0.33673450418812934,0.35548308211591007,0.37419464407108194,0.39286933592957496,0.4115073027066103,0.43010868856363516,793789.9880952381,665937.4285714285,691507.9404761905,717078.4523809524,742648.9642857143,768219.4761904762
1,1,Alpine,0.4568034557235421,0.5431965442764579,447,0.34404761904761905,0.655952380952381,461,0.42319430315361134,0.5768056968463886,466,0.4294541709577756,0.5705458290422245,552,0.49206349206349204,0.5079365079365079,631,0.4941176470588236,0.5058823529411764,614,0.4849785407725322,0.5150214592274678,586,0.5450819672131149,0.4549180327868853,701,0.6261585993820803,0.3738414006179197,694,0.6223849372384938,0.3776150627615063,654,0.6065573770491803,0.3934426229508197,602,0.09542446825118034,-0.053719400999457934,-0.10289896653638098,0.014890500588611355,-0.03153024233622437,-0.04248569855350798,-0.05323498613917638,-0.017701909577467756,0.05752183479511486,0.08927012426108027,0.10274631471849371,0.13804520077496818,0.16300004513372812,0.18790562027116664,0.21276212035193964,0.237569738395095,0.2623286662832385,721.9880952380952,673.1785714285714,682.9404761904761,692.702380952381,702.4642857142857,712.2261904761905
2,2,Amador,0.5217842323651452,0.4782157676348547,8018,0.3712035995500562,0.6287964004499437,9670,0.375,0.625,11363,0.42959183673469387,0.5704081632653061,12338,0.490674318507891,0.509325681492109,15434,0.4608399545970489,0.5391600454029513,14452,0.4025289778714437,0.5974710221285564,15464,0.3708206686930091,0.6291793313069909,17891,0.4254881808838643,0.5745118191161357,18879,0.3991726990692864,0.6008273009307136,17693,0.3638344226579521,0.6361655773420479,17963,-0.14729848614004792,0.011261375642145133,-0.0757429860339438,-0.033303802564999985,-0.03139257655930611,-0.04387487210910901,-0.08651267860095108,-0.10015147247855627,-0.11673946372499089,-0.11140029423713571,-0.12046592345071366,-0.16339750001265685,-0.1785562041065063,-0.193684979841116,-0.2087839451608886,-0.2238532173143568,-0.23889291285971126,23771.285714285714,19820.214285714283,20610.428571428572,21400.642857142855,22190.85714285714,22981.071428571428
3,3,Butte,0.4598540145985402,0.5401459854014597,54854,0.3382857142857143,0.6617142857142857,66012,0.35873983739837395,0.641260162601626,71964,0.4308943089430894,0.5691056910569106,71631,0.506631299734748,0.493368700265252,85014,0.44,0.56,79550,0.4074074074074074,0.5925925925925926,83721,0.450920245398773,0.5490797546012269,96157,0.5123711340206186,0.4876288659793814,98707,0.4895615866388309,0.5104384133611691,91021,0.4798657718120805,0.5201342281879194,97002,-0.031267136985919486,-0.05066884212445982,-0.10866087129828572,-0.049563965166626034,-0.030090104350910585,-0.02791789088225205,-0.10735263319799998,-0.09527304294259259,-0.03663988701922699,-0.024517341100381396,-0.030077035881169112,-0.03256948321766018,-0.02918701042481331,-0.025811215766209372,-0.02244207292404532,-0.019079555735800113,-0.01572363819298772,119238.71428571429,102718.53571428571,106022.57142857143,109326.60714285714,112630.64285714287,115934.67857142858
4,4,Calaveras,0.4938144329896907,0.5061855670103093,7528,0.3367117117117117,0.6632882882882883,10275,0.3485309017223911,0.651469098277609,11877,0.4260958205912334,0.5739041794087666,13574,0.499290780141844,0.500709219858156,16991,0.4452133794694349,0.5547866205305652,17206,0.4008528784648187,0.5991471215351812,18876,0.37857142857142856,0.6214285714285714,22343,0.4332988624612203,0.5667011375387798,23421,0.4122533748701973,0.5877466251298027,21862,0.37061403508771934,0.6293859649122807,23531,-0.14051887371028066,-0.01670842373330933,-0.11023487387228831,-0.05977290084260889,-0.03488859270276656,-0.03525841047515599,-0.10213925372856508,-0.10182757188518127,-0.10898870384657144,-0.10358961265977973,-0.10738524764980273,-0.15120687087200935,-0.16431572655018556,-0.17739870095648058,-0.19045589608617064,-0.2034874133327591,-0.21649335349275134,32863.32142857143,25948.678571428572,27331.607142857145,28714.535714285714,30097.464285714283,31480.392857142855
5,5,Colusa,0.4616956077630235,0.5383043922369765,5182,0.3562708102108769,0.6437291897891232,4995,0.3370558375634518,0.6629441624365482,5188,0.3965517241379311,0.603448275862069,5172,0.4100257069408741,0.589974293059126,5635,0.4026402640264026,0.5973597359735973,5612,0.3246618106139438,0.6753381893860562,5590,0.3198380566801619,0.680161943319838,6166,0.40736949846468784,0.5926305015353123,6448,0.3912155260469867,0.6087844739530133,6045,0.4282632146709817,0.5717367853290183,6697,-0.08286969412701828,-0.04882724895997653,-0.0906757753731231,-0.07124796500154817,-0.06443268915606887,-0.12452348367612592,-0.1447123691715974,-0.1780186397360562,-0.1677220757378381,-0.12951897665631218,-0.12842309647301337,-0.13261150600341853,-0.13373378957374005,-0.13485385738038946,-0.13597171815544762,-0.137087380579481,-0.13820085328194232,7708.547619047618,6767.535714285714,6955.738095238095,7143.940476190476,7332.142857142857,7520.345238095238
6,6,Contra Costa,0.4943589743589744,0.5056410256410256,256534,0.4267734553775743,0.5732265446224256,287545,0.45005045408678107,0.549949545913219,316318,0.5161616161616162,0.4838383838383839,331511,0.6330845771144278,0.3669154228855721,382823,0.6127612761276128,0.3872387238723872,352602,0.6131386861313868,0.3868613138686131,381478,0.6305668016194332,0.3694331983805668,413028,0.6922290388548057,0.30777096114519426,453244,0.6803699897225076,0.3196300102774923,439145,0.7336956521739131,0.266304347826087,473014,0.22256274337591309,-0.016163882364025606,-0.02017313020642575,0.041746651521781086,0.05517720286761618,0.09853538649742777,0.06540864292961279,0.1104582357813868,0.14300666920143323,0.15534056373380567,0.16073136720250758,0.22168220107926118,0.24271550108689155,0.26370727431526575,0.2846576844168993,0.30556689407876547,0.3264350650299406,584942.130952381,489370.28571428574,508484.6547619048,527599.0238095238,546713.3928571428,565827.7619047619
7,7,Del Norte,0.5291060291060291,0.4708939708939709,5478,0.36813186813186816,0.6318681318681318,6987,0.4028629856850716,0.5971370143149284,6841,0.4912998976458546,0.5087001023541453,7468,0.541029207232267,0.458970792767733,9353,0.4987864077669903,0.5012135922330097,8889,0.4078091106290673,0.5921908893709328,8294,0.4205702647657841,0.5794297352342159,9421,0.4656410256410256,0.5343589743589744,9531,0.4509394572025052,0.5490605427974947,8770,0.4046563192904656,0.5953436807095344,9558,-0.10647658950753441,0.01858317238302909,-0.07881471745213187,-0.005440816879928367,0.030315484351854605,0.006480016615266981,-0.04856622543100969,-0.0948713397209327,-0.06698986765221593,-0.07124744947997441,-0.06869916531749481,-0.1259097359098078,-0.142113681265144,-0.15828563460488,-0.17442572200607742,-0.1905340688019308,-0.20661079958767914,10580.690476190477,9701.642857142857,9877.452380952382,10053.261904761905,10229.071428571428,10404.880952380952
8,8,El Dorado,0.5056994818652849,0.494300518134715,26154,0.3359908883826879,0.664009111617312,36449,0.3417849898580121,0.6582150101419878,42478,0.39735772357723576,0.6026422764227641,50603,0.4481327800829876,0.5518672199170125,64887,0.4120317820658343,0.5879682179341658,63196,0.38372093023255816,0.6162790697674418,72136,0.3786802030456852,0.6213197969543147,86364,0.4460431654676259,0.5539568345323741,93309,0.4080578512396694,0.5919421487603306,88998,0.4250832408435072,0.5749167591564928,95149,-0.08604966795449281,-0.0048233748577151125,-0.1109556972013121,-0.0665188127069879,-0.06362668971676422,-0.08641641053401239,-0.1353208511321657,-0.11895952011744182,-0.10887992937231478,-0.09084530965337412,-0.11158077128033062,-0.10770740435926474,-0.10936250567382189,-0.11101433926401327,-0.11266291800758399,-0.11430825470630257,-0.11595036208655962,137556.05952380953,105595.10714285713,111987.29761904762,118379.48809523809,124771.67857142857,131163.86904761905
9,9,Fresno,0.5081799591002044,0.4918200408997955,150805,0.4415300546448087,0.5584699453551912,161386,0.4515151515151515,0.5484848484848485,192936,0.4944275582573455,0.5055724417426546,189870,0.5090470446320868,0.4909529553679132,219161,0.4886731391585761,0.511326860841424,208393,0.4474505723204995,0.5525494276795005,220835,0.4207870837537841,0.5792129162462161,247463,0.5107252298263534,0.4892747701736465,273452,0.5092213114754099,0.4907786885245902,259697,0.5324675324675324,0.4675324675324675,287062,0.021334623669532427,-0.0023428976227956033,-0.005416530939191311,0.043211348950151496,0.03344314496334555,-0.025502145984913183,-0.05867949403942391,-0.05522987802950047,-0.0667730486642159,-0.026163245294646642,-0.010417311044590094,-0.019534068585622677,-0.01865892538177505,-0.017785510003738292,-0.01691381564233918,-0.016043835528578132,-0.015175562933311237,363192.52380952385,297428.89285714284,310581.61904761905,323734.34523809527,336887.0714285715,350039.79761904763
10,10,Glenn,0.4605936540429888,0.5394063459570113,7773,0.2925764192139738,0.7074235807860262,8312,0.2923857868020305,0.7076142131979696,8632,0.3689024390243902,0.6310975609756098,7966,0.4114441416893733,0.5885558583106267,8816,0.3599550056242969,0.6400449943757031,8866,0.3014705882352941,0.6985294117647058,8711,0.32215447154471544,0.6778455284552846,9454,0.3872950819672131,0.6127049180327869,9879,0.3691830403309204,0.6308169596690796,9238,0.34652406417112297,0.6534759358288771,9470,-0.16460884462687703,-0.04992920268001122,-0.1543701663700262,-0.1159180157629695,-0.09208197426960979,-0.12310504892762669,-0.1873976275737031,-0.20120986211470587,-0.16540566087328457,-0.14959339315378695,-0.15045558218907962,-0.1807567817261777,-0.1866121636968252,-0.19245598518222096,-0.19828829174097962,-0.20410912866291753,-0.20991854097119145,10907.02380952381,9929.642857142857,10125.119047619048,10320.595238095239,10516.07142857143,10711.547619047618
11,11,Humboldt,0.5657620041753653,0.4342379958246346,43372,0.4153846153846154,0.5846153846153846,48692,0.4756097560975609,0.5243902439024389,53891,0.5808748728382502,0.4191251271617497,52146,0.6119592875318067,0.38804071246819344,60021,0.5545796737766625,0.4454203262233375,55757,0.5168800931315483,0.4831199068684516,55972,0.5966907962771458,0.40330920372285417,65886,0.6465067778936392,0.35349322210636075,63968,0.646803900325027,0.3531960996749729,57686,0.6437718277066355,0.35622817229336434,60014,0.13263891890863555,0.055239147452365245,-0.031561970199384615,0.06730595353256091,0.11989045954425026,0.07741009691480671,0.007227040578662525,0.014199642781548283,0.10913066385914583,0.10961830277263918,0.12716527780502695,0.126570477668416,0.13527046532007603,0.1439532762820761,0.15261897824588289,0.16126763850358117,0.1698993239510429,67746.79761904762,63107.03571428571,64034.98809523809,64962.94047619047,65890.89285714286,66818.84523809524
12,12,Imperial,0.4913353720693171,0.508664627930683,21262,0.3976293103448276,0.6023706896551724,21579,0.37310414560161775,0.6268958543983821,22301,0.4424242424242424,0.5575757575757576,23365,0.5327669902912621,0.4672330097087378,25318,0.6004343105320304,0.3995656894679696,26400,0.5526859504132231,0.4473140495867768,28937,0.5303643724696356,0.4696356275303644,34274,0.6327568667344862,0.3672431332655137,38820,0.6632756866734486,0.3367243133265513,38565,0.7200424178154825,0.27995758218451744,48091,0.2089095090174825,-0.019187484653682918,-0.0493172752391724,-0.03519965696338223,-0.018560170869757586,-0.0017822003257379482,0.053081677334030464,0.05000550006322313,0.042804240051635634,0.09586839161348615,0.14363706415344857,0.20199494743067703,0.23074796156190303,0.2594442076124892,0.2880839092992744,0.31666728901915064,0.3451945678595649,64854.38095238096,48073.78571428571,51429.90476190476,54786.02380952382,58142.142857142855,61498.26190476191
13,13,Inyo,0.4030769230769231,0.596923076923077,6706,0.2855567805953694,0.7144432194046307,8027,0.2870182555780933,0.7129817444219068,8338,0.3452138492871691,0.654786150712831,7837,0.4217506631299735,0.5782493368700266,8464,0.3990719257540604,0.6009280742459397,7569,0.3598726114649682,0.6401273885350319,7815,0.3969387755102041,0.6030612244897959,8616,0.4529472595656671,0.5470527404343329,8554,0.44099378881987583,0.5590062111801243,8036,0.4265193370165746,0.5734806629834254,8179,-0.08461357178142542,-0.10744593364607691,-0.16138980498863065,-0.12128554698690669,-0.11577056400683089,-0.11279852748702651,-0.14828070744393956,-0.1428078388850318,-0.09062135690779588,-0.0839412155553329,-0.0786448337001242,-0.07335832530382191,-0.06589100847509499,-0.05843843463094345,-0.05100054567086687,-0.04357728383716619,-0.036168591712204545,8587.261904761905,8348.57142857143,8396.309523809525,8444.047619047618,8491.785714285714,8539.52380952381
14,14,Kern,0.4657814096016343,0.5342185903983656,110961,0.3612004287245445,0.6387995712754555,122121,0.3434343434343434,0.6565656565656566,145744,0.37815975733063695,0.621840242669363,147293,0.4283903675538656,0.5716096324461343,179263,0.4048672566371681,0.5951327433628318,171391,0.3735810113519092,0.6264189886480908,182308,0.3282828282828283,0.6717171717171717,211174,0.4094165813715455,0.5905834186284544,233808,0.4141829393627955,0.5858170606372045,222189,0.4320855614973262,0.5679144385026738,244163,-0.07904734730067381,-0.04474144712136574,-0.08574615685945552,-0.06486945913065656,-0.08282465596336303,-0.1061588230631344,-0.14248537656083188,-0.1290994389980908,-0.15927730413517172,-0.1274718937494545,-0.10545568315720455,-0.11418124018027598,-0.11367431848105602,-0.11316839761506214,-0.1126634736381198,-0.11215954262932448,-0.11165660069085814,324352.8095238095,258350.60714285713,271551.0476190476,284751.4880952381,297951.9285714286,311152.36904761905
15,15,Kings,0.4933741080530071,0.5066258919469929,16642,0.4093816631130064,0.5906183368869936,19021,0.3538306451612904,0.6461693548387097,20848,0.4303030303030303,0.5696969696969697,21482,0.4832298136645963,0.5167701863354037,25651,0.4765027322404372,0.5234972677595628,25815,0.4028925619834711,0.5971074380165289,28335,0.34006054490413723,0.6599394550958627,32110,0.4281345565749236,0.5718654434250765,35108,0.4235897435897436,0.5764102564102564,31418,0.4296536796536797,0.5703463203463204,34310,-0.08147922914432032,-0.01714874866999294,-0.037564922470993634,-0.05447315740370956,-0.030681382990969674,-0.05131937695240374,-0.07084990095756277,-0.09978788836652885,-0.14749958751386277,-0.10875391854607641,-0.09604887893025643,-0.12543873941709904,-0.13418857136876028,-0.1429211282214169,-0.15163647805435687,-0.1603346885451984,-0.16901582697308015,46275.142857142855,37329.607142857145,39118.71428571428,40907.82142857143,42696.928571428565,44486.03571428571
16,16,Lake,0.5383817427385892,0.4616182572614108,12285,0.40111731843575416,0.5988826815642458,16654,0.4430894308943089,0.556910569105691,19831,0.5121951219512195,0.4878048780487805,19502,0.6118598382749326,0.3881401617250674,23213,0.5828367103694875,0.4171632896305125,21335,0.5517241379310345,0.4482758620689655,20919,0.5423037716615698,0.4576962283384302,24719,0.5991735537190083,0.4008264462809917,25629,0.5889121338912134,0.4110878661087866,23391,0.5200892857142858,0.4799107142857143,24684,0.008956376916285813,0.027858886015589168,-0.04582926714824587,0.034785628329308926,0.05121070865721955,0.07731064765793261,0.035484077171487494,0.0490436875810345,0.05474363924356984,0.06228507859800825,0.0692735113712134,0.0377233533307848,0.034783996339443846,0.03185044262333214,0.028922669312374083,0.026000653671427898,0.023084373099210964,29013.72619047619,25808.607142857145,26449.630952380954,27090.654761904763,27731.678571428572,28372.70238095238
17,17,Lassen,0.5580678314491264,0.4419321685508736,6998,0.3971238938053097,0.6028761061946902,8198,0.3778004073319756,0.6221995926680244,8761,0.4008179959100204,0.5991820040899795,8802,0.4691535150645624,0.5308464849354375,10362,0.3897911832946636,0.6102088167053364,9875,0.29652996845425866,0.7034700315457413,10586,0.2799188640973631,0.7200811359026371,11450,0.3240454076367389,0.6759545923632609,11433,0.29533678756476683,0.7046632124352331,10725,0.2270742358078603,0.7729257641921398,10699,-0.2840586729901397,0.0475449747261264,-0.04982269177869031,-0.030503395233024366,-0.0601664173839796,-0.06539567555243764,-0.15756144990333637,-0.2061504818957413,-0.2076412683206369,-0.21284306748426113,-0.2243018349552332,-0.3123545705034445,-0.34217609001252924,-0.3719387318534757,-0.40164272805677115,-0.4312883092839144,-0.460875704838287,12824.880952380952,11596.785714285714,11842.404761904763,12088.02380952381,12333.642857142859,12579.261904761905
18,18,Los Angeles,0.5097435897435898,0.4902564102564102,459077,0.4446902654867257,0.5553097345132744,1440185,0.4489383215369059,0.5510616784630941,612914,0.5253036437246964,0.4746963562753037,644671,0.6441717791411042,0.3558282208588957,1753403,0.6566998892580288,0.3433001107419712,1411014,0.662148070907195,0.33785192909280504,1695154,0.6393110435663627,0.3606889564336373,1023280,0.7061224489795919,0.2938775510204082,1318248,0.7148717948717949,0.28512820512820514,1181067,0.7622080679405521,0.237791932059448,1434308,0.2510751591425521,-0.0007792669794102203,-0.0022563200972743336,0.0406345189719059,0.06431923043069643,0.10962258852410423,0.10934725606002882,0.159467620557195,0.1517509111483627,0.16923397385859185,0.19523317235179483,0.25308038805088984,0.27555841989720875,0.29799207257971716,0.3203815209918588,0.3427269389952272,0.36502849942770865,1501670.107142857,1399550.6428571427,1419974.5357142857,1440398.4285714284,1460822.3214285714,1481246.214285714
19,19,Madera,0.5267489711934157,0.4732510288065844,14892,0.4230355220667384,0.5769644779332616,19780,0.39209726443769,0.6079027355623101,23241,0.44512195121951215,0.5548780487804877,24281,0.4538558786346397,0.5461441213653604,30245,0.40552486187845305,0.5944751381215471,30662,0.36506276150627615,0.634937238493724,33395,0.3515704154002027,0.6484295845997974,38850,0.4325153374233129,0.5674846625766872,42474,0.4121274409044193,0.5878725590955807,39933,0.4213362068965517,0.5786637931034483,43507,-0.08979670190144828,0.016226114470415665,-0.023911063517261633,-0.01620653812730999,-0.015862462074487826,-0.0806933119823603,-0.14182777131954694,-0.13761768884372383,-0.13598971701779733,-0.10437313769768714,-0.10751118161558076,-0.1305412299742521,-0.1369060448738857,-0.14325829349703056,-0.14959802536601785,-0.15592528971099284,-0.16224013547223493,60741.86904761904,47413.71428571429,50079.34523809524,52744.97619047618,55410.607142857145,58076.23809523809
20,20,Marin,0.4496855345911949,0.5503144654088051,101715,0.4414634146341464,0.5585365853658536,108507,0.5030425963488844,0.4969574036511156,116050,0.5969543147208122,0.4030456852791878,117920,0.7144607843137255,0.2855392156862745,130707,0.6728538283062645,0.3271461716937355,116140,0.6943844492440605,0.30561555075593955,123155,0.7423935091277891,0.2576064908722109,135325,0.7938775510204081,0.20612244897959184,140570,0.7639175257731958,0.2360824742268041,134731,0.8329741379310345,0.16702586206896552,140683,0.3218412291330345,-0.060837322131805094,-0.005483170949853622,0.09473879378388439,0.1359699014268122,0.1799115936967255,0.12550119510826452,0.19170399889406053,0.2548333767097891,0.2569890758994081,0.2442789032531958,0.324939168591996,0.3494561588048555,0.37392474426714273,0.39834511573671705,0.42271746284593803,0.44704197411067526,159865.17857142858,144096.07142857142,147249.89285714287,150403.7142857143,153557.53571428574,156711.35714285716
21,21,Mariposa,0.5099894847528917,0.4900105152471084,4317,0.37993235625704624,0.6200676437429538,5608,0.3755102040816326,0.6244897959183674,6518,0.4433094994892747,0.5566905005107252,6910,0.503448275862069,0.496551724137931,8287,0.4232987312572088,0.5767012687427913,7949,0.37366167023554603,0.6263383297644539,8074,0.383828045035824,0.6161719549641761,8658,0.43666323377960864,0.5633367662203914,9677,0.4048117154811716,0.5951882845188284,9038,0.3760683760683761,0.6239316239316239,8877,-0.13506453272962388,-0.0005333719701082762,-0.06701422932695378,-0.03279359848336738,-0.017674913804725245,-0.03110091475493104,-0.12405390194079119,-0.12901878011445395,-0.10373208738217599,-0.10022524134139138,-0.11482690703882842,-0.15558871971801125,-0.16908261847800077,-0.18254987576209203,-0.195990596561451,-0.20940488524778544,-0.22279284557826173,11067.964285714286,9681.535714285714,9958.82142857143,10236.107142857143,10513.392857142859,10790.678571428572
22,22,Mendocino,0.5210526315789473,0.4789473684210526,21509,0.46472019464720205,0.5352798053527981,28224,0.4683673469387755,0.5316326530612245,31422,0.5693730729701952,0.4306269270298047,30947,0.6972222222222223,0.3027777777777778,36538,0.6044973544973545,0.3955026455026455,32692,0.575,0.425,34410,0.6532921810699588,0.3467078189300412,38429,0.7218749999999999,0.278125,40184,0.7058823529411765,0.29411764705882354,35137,0.669735327963176,0.3302646720368239,37915,0.15860241916517603,0.010529774855947305,0.017773609063202023,0.060063544373775535,0.10838865967619526,0.16267303160522228,0.05714472129935455,0.07231954964999998,0.16573204865195879,0.18498652487899991,0.18624373042117648,0.18750492274951114,0.19865155612705365,0.20977618231678008,0.22087888804662015,0.23195975953281334,0.24301888248395187,43502.05952380953,39438.607142857145,40251.29761904762,41063.98809523809,41876.67857142857,42689.36904761905
23,23,Merced,0.5286298568507157,0.4713701431492842,32208,0.4678298800436205,0.5321701199563795,36996,0.4048582995951417,0.5951417004048583,42477,0.4807302231237322,0.5192697768762679,42414,0.5284237726098191,0.4715762273901809,49284,0.5110132158590308,0.4889867841409692,46938,0.4654282765737874,0.5345717234262125,50418,0.4281376518218623,0.5718623481781376,57960,0.5423901940755873,0.4576098059244126,64051,0.5447070914696814,0.4552929085303186,62222,0.5648445873526259,0.43515541264737395,70789,0.053711678554625886,0.01810700012771571,0.020883294459620505,-0.003445502969858294,0.01974580982973223,-0.006125418007180916,-0.03633941733896917,-0.037252173776212594,-0.059422480596137695,0.005501718954587287,0.0250684689496814,0.022033730471438417,0.027866634142824864,0.03368802170864882,0.0394979385526284,0.045296429790724346,0.0510835402732468,91948.33333333333,72770.0,76605.66666666666,80441.33333333333,84277.0,88112.66666666666
24,24,Modoc,0.4748717948717948,0.5251282051282051,3744,0.28886438809261306,0.7111356119073869,4000,0.2893660531697342,0.7106339468302658,4310,0.36020408163265305,0.6397959183673471,4017,0.452247191011236,0.547752808988764,4625,0.3745583038869258,0.6254416961130742,4303,0.24134312696747115,0.7586568730325288,4107,0.26197757390417936,0.7380224260958206,4467,0.3058702368692069,0.694129763130793,4420,0.2854188210961738,0.7145811789038263,4019,0.24516129032258066,0.7548387096774194,3843,-0.26597161847541934,-0.0356510618512052,-0.15808219749138697,-0.1189377493952658,-0.10078033166134692,-0.08230199960576401,-0.1727943293110742,-0.2613373233825288,-0.22558255851382064,-0.23101823825179313,-0.23421980142382626,-0.30654766158660607,-0.3307857027073311,-0.3549758898164299,-0.37911841150133796,-0.403213455236866,-0.4272612073939399,3825.107142857143,4035.6428571428573,3993.5357142857147,3951.4285714285716,3909.321428571429,3867.2142857142862
25,25,Mono,0.3906735751295337,0.6093264248704663,2721,0.2888127853881279,0.7111872146118722,3421,0.265989847715736,0.7340101522842639,3677,0.3709016393442624,0.6290983606557378,3547,0.4864864864864865,0.5135135135135135,4355,0.4562647754137116,0.5437352245862884,4091,0.43790149892933616,0.5620985010706637,4371,0.5005086469989827,0.4994913530010173,5338,0.5674846625766872,0.4325153374233129,5571,0.5448916408668729,0.4551083591331269,5181,0.5675675675675675,0.4324324324324325,5281,0.05643465876956755,-0.1198492815934663,-0.15813380019587214,-0.14231395484926396,-0.09008277394973757,-0.0480627041305135,-0.0910878577842884,-0.06477895142066381,0.012948514580982673,0.03059618745568715,0.02525301834687288,0.07685933578085269,0.09848364236034968,0.1200652553156516,0.14160434289770762,0.16310107236475346,0.1845556099902268,7168.214285714286,5878.035714285714,6136.071428571428,6394.107142857143,6652.142857142857,6910.178571428572
26,26,Monterey,0.4742268041237113,0.5257731958762887,80153,0.3798185941043084,0.6201814058956916,86794,0.4222222222222222,0.5777777777777778,97470,0.4949290060851927,0.5050709939148073,100381,0.6010230179028133,0.3989769820971867,116689,0.5917686318131257,0.4082313681868743,108558,0.6071805702217529,0.3928194297782471,117534,0.611336032388664,0.388663967611336,124653,0.6952089704383283,0.30479102956167176,129783,0.688911704312115,0.31108829568788504,123518,0.7182795698924731,0.2817204301075269,133408,0.2071466610944731,-0.0362960525992887,-0.06712799147969162,0.013918419657222236,0.03394459279119272,0.0664738272858133,0.044415998615125685,0.1045001198717529,0.12377589997066396,0.15832049531732828,0.16927308179211498,0.22491658458469033,0.24951630009111625,0.27406744751954193,0.2985702182714647,0.32302480261913047,0.3474313897144583,157329.97619047618,137322.35714285716,141323.88095238095,145325.40476190476,149326.92857142858,153328.45238095237
27,27,Napa,0.4643226473629784,0.5356773526370218,40205,0.38628571428571423,0.6137142857142858,44035,0.4137931034482759,0.5862068965517241,45561,0.4893184130213632,0.5106815869786367,46290,0.6072386058981233,0.3927613941018767,53455,0.5850574712643678,0.4149425287356322,48319,0.5764331210191084,0.4235668789808917,51724,0.6040609137055838,0.39593908629441626,56599,0.6656441717791409,0.3343558282208589,59642,0.6474820143884892,0.3525179856115108,56968,0.6923076923076923,0.3076923076923077,61372,0.1811747835096923,-0.046200209360021616,-0.06066087129828579,0.005489300883275927,0.028333999727363224,0.07268941528112327,0.03770483806636782,0.0737526706691084,0.11650078128758379,0.1287556966581409,0.12784339186848914,0.1845378079540012,0.20411717304416754,0.22365788190958824,0.24316008689025637,0.2626239394273142,0.2820495900702866,72615.63095238096,62973.78571428572,64902.15476190476,66830.52380952382,68758.89285714287,70687.26190476191
28,28,Nevada,0.4926624737945493,0.5073375262054507,16881,0.333716915995397,0.6662830840046029,26261,0.3606557377049181,0.639344262295082,31768,0.4120040691759919,0.5879959308240081,37023,0.4709851551956815,0.5290148448043186,44201,0.41395348837209306,0.586046511627907,43219,0.4043478260869566,0.5956521739130435,47479,0.45676500508646994,0.54323499491353,53920,0.5271794871794871,0.4728205128205129,55647,0.4963579604578565,0.5036420395421436,51676,0.5272525027808675,0.4727474972191323,54935,0.016119593982867553,-0.017860382928450713,-0.11322966958860303,-0.047648064860081885,-0.04898034411800806,-0.0635640354213185,-0.13339914482590692,-0.0983326242630434,-0.03079512733153006,-0.00970898794151287,-0.02328066206214352,0.009430966820438869,0.022328185237277864,0.03519994022506978,0.048046332132436476,0.06086746071590454,0.07366342514466595,71864.85714285714,59574.14285714286,62032.28571428572,64490.42857142858,66948.57142857143,69406.71428571429
29,29,Orange,0.36205128205128206,0.637948717948718,657433,0.24972375690607734,0.7502762430939227,780212,0.24545454545454545,0.7545454545454545,850077,0.3147773279352227,0.6852226720647773,865307,0.4185430463576159,0.581456953642384,972549,0.42299107142857145,0.5770089285714286,864576,0.4199584199584199,0.5800415800415801,970905,0.3951367781155015,0.6048632218844985,1075399,0.4867075664621677,0.5132924335378323,1153687,0.4676923076923077,0.5323076923076923,1122664,0.5461373390557941,0.45386266094420596,1197521,0.035004430257794095,-0.14847157467171795,-0.19722282867792268,-0.16284925711045453,-0.1462070853587773,-0.1160061442593841,-0.12436156176942853,-0.08272203039158005,-0.09242335430249848,-0.050180908658832346,-0.05194631482769235,0.017541410947728764,0.03876614447668203,0.059948973272469175,0.08109006247711648,0.10218957625826874,0.12324767781694845,1485624.2142857143,1244677.785714286,1292867.0714285714,1341056.3571428573,1389245.642857143,1437434.9285714286
30,30,Placer,0.5370370370370371,0.462962962962963,40311,0.3807909604519774,0.6192090395480225,51440,0.3588175331294598,0.6411824668705403,60427,0.3955375253549696,0.6044624746450304,70642,0.4457671957671958,0.5542328042328043,91366,0.4124860646599777,0.5875139353400223,94427,0.3777544596012592,0.6222455403987408,117799,0.3670374115267947,0.6329625884732052,153278,0.4421699078812692,0.5578300921187308,173812,0.4006179196704429,0.5993820803295572,171711,0.4359823399558499,0.5640176600441502,186024,-0.0751505688421501,0.026514180314037072,-0.06615562513202261,-0.04948626943554019,-0.06544688793903036,-0.0887819948498042,-0.13486656853802226,-0.12492599074874078,-0.1205227208912053,-0.09471856723973082,-0.11902070284955713,-0.10804004338882223,-0.10916827107886462,-0.11029427126955138,-0.11141805273921346,-0.11253962421439212,-0.11365899437024574,300106.34523809527,211830.57142857142,229485.7261904762,247140.88095238095,264796.03571428574,282451.1904761905
31,31,Plumas,0.5431841831425599,0.4568158168574402,6563,0.4108170310701956,0.5891829689298044,8161,0.4236252545824847,0.5763747454175153,9228,0.4801627670396744,0.5198372329603255,9015,0.5094850948509485,0.4905149051490514,9949,0.4191685912240185,0.5808314087759815,9750,0.35244161358811044,0.6475583864118896,10401,0.3742393509127789,0.6257606490872212,11190,0.4389743589743589,0.561025641025641,11028,0.4126163391933816,0.5873836608066184,10080,0.38956714761376254,0.6104328523862376,9850,-0.12156576118423745,0.03266132641955988,-0.036129554513804396,0.015321452017484694,0.019178353745674448,-0.02506409576605151,-0.12818404197398148,-0.15023883676188954,-0.11332078150522112,-0.09791411614664114,-0.10702228332661845,-0.15830327783628917,-0.1732674547372568,-0.18820208734081945,-0.2031072920778314,-0.21798318469221556,-0.23282988024639195,11415.833333333334,10753.75,10886.166666666666,11018.583333333334,11151.0,11283.416666666666
32,32,Riverside,0.496417604912999,0.5035823950870011,198558,0.3446389496717724,0.6553610503282276,243278,0.35858585858585856,0.6414141414141414,287202,0.3995963673057518,0.6004036326942482,336348,0.5099075297225891,0.4900924702774108,430275,0.4853273137697517,0.5146726862302483,391613,0.4662512980269989,0.5337487019730011,451127,0.4149797570850203,0.5850202429149798,557579,0.5117227319062182,0.4882772680937818,647299,0.5081967213114754,0.4918032786885246,663116,0.5281615302869289,0.4718384697130712,751391,0.01702862148892892,-0.014105251810000996,-0.10230763591222763,-0.04971794397914142,-0.06138804598824815,-0.02464166089441089,-0.06202531942824829,-0.03642915232300109,-0.07258037533297973,-0.02516574321478182,-0.011441901208524619,0.002177106536944251,0.010291463192913852,0.01838979939096319,0.026472178265976254,0.03453866258033855,0.04258931472689298,1087625.0714285714,793397.9285714286,852243.357142857,911088.7857142857,969934.2142857143,1028779.642857143
33,33,Sacramento,0.5397316821465428,0.4602683178534572,275876,0.4585698070374574,0.5414301929625426,322120,0.436676798378926,0.563323201621074,368841,0.4832826747720365,0.5167173252279635,395690,0.5518987341772152,0.4481012658227848,453512,0.5496688741721855,0.4503311258278146,407414,0.5211416490486258,0.4788583509513742,431550,0.5010121457489879,0.4989878542510121,477866,0.5973360655737705,0.4026639344262295,542859,0.5977366255144033,0.4022633744855968,517582,0.6318082788671024,0.3681917211328976,562285,0.12067537006910245,0.02920882542354275,0.0116232214534574,0.028372995813925994,0.02229826147803654,0.01734954356021523,0.0023162409741854795,0.018461198698625836,0.013452013330987889,0.06044759045277048,0.07809800299440328,0.10358823573083242,0.11726413262154267,0.13091302871109178,0.14453503040669347,0.1581302434877685,0.17169877311091142,692905.1904761905,577478.6428571428,600563.9523809524,623649.2619047619,646734.5714285714,669819.880952381
34,34,San Benito,0.4784836065573771,0.521516393442623,6680,0.4044692737430168,0.5955307262569832,7602,0.3843813387423935,0.6156186612576066,9380,0.4496439471007121,0.5503560528992878,10308,0.5652759084791387,0.4347240915208613,12739,0.5666293393057111,0.4333706606942889,13906,0.5656249999999999,0.434375,16831,0.5307769929364279,0.4692230070635722,18725,0.6161719549641761,0.383828045035824,19788,0.6055327868852459,0.3944672131147541,19081,0.6152173913043478,0.3847826086956522,22122,0.10408448250634783,-0.03203925016562292,-0.042477311840983245,-0.023922463822606488,-0.01134046619328788,0.030726717862138653,0.01927670610771115,0.06294454964999996,0.04321686051842788,0.07928347984317607,0.08589416436524588,0.11819457383850818,0.13286005577074889,0.1474965831294881,0.16210427002155825,0.17668322988055252,0.19123357547217523,31836.380952380954,23863.285714285717,25457.904761904763,27052.523809523813,28647.14285714286,30241.761904761905
35,35,San Bernardino,0.4917864476386036,0.5082135523613963,228885,0.34682713347921224,0.6531728665207878,289812,0.3441295546558705,0.6558704453441295,342705,0.39086294416243655,0.6091370558375635,392008,0.5098814229249012,0.4901185770750988,474070,0.5045454545454545,0.4954545454545455,413355,0.4921793534932221,0.5078206465067779,454893,0.4402834008097166,0.5597165991902834,523276,0.5321756894790602,0.4678243105209397,606334,0.5375128468653648,0.4624871531346352,582930,0.5566239316239316,0.4433760683760684,653983,0.04549102282593165,-0.018736409084396444,-0.10011945210478779,-0.06417424790912951,-0.07012146913156342,-0.024667767692098774,-0.04280717865254546,-0.010501096856777858,-0.047276731608283384,-0.004712785641939776,0.017874224345364786,0.04158960972333148,0.054543384997806754,0.06747158518106744,0.0803743110617603,0.09325166283388597,0.1061037401014957,854769.5476190477,674683.5357142857,710700.7380952381,746717.9404761905,782735.142857143,818752.3452380953
36,36,San Diego,0.4275436793422405,0.5724563206577594,633795,0.3098751418842225,0.6901248581157775,716866,0.3383991894630193,0.6616008105369808,769267,0.3888324873096447,0.6111675126903554,869195,0.5102880658436214,0.4897119341563786,986646,0.4916387959866221,0.5083612040133779,884151,0.4795383001049318,0.5204616998950682,958634,0.4686234817813765,0.5313765182186235,1136351,0.5521472392638037,0.4478527607361963,1235503,0.5384615384615384,0.4615384615384616,1193949,0.6060279870828847,0.3939720129171152,1306400,0.09489507828488475,-0.0829791773807595,-0.13707144369977753,-0.0699046131019807,-0.07215192598435527,-0.024261124773378606,-0.0557138372113779,-0.02314215024506816,-0.018936650636623475,0.015258764142803694,0.0188229159415384,0.07732430430216652,0.0961938634343511,0.11502616773650232,0.13382136402586298,0.15257959825342482,0.1713010155108492,1674006.8214285714,1356820.9285714286,1420258.107142857,1483695.2857142857,1547132.464285714,1610569.6428571427
37,37,San Francisco,0.5638528138528138,0.4361471861471861,256888,0.6215895610913404,0.3784104389086596,254028,0.6821862348178137,0.3178137651821862,286972,0.7360970677451971,0.2639029322548028,277394,0.8026607538802661,0.1973392461197339,322207,0.8213879408418657,0.17861205915813422,290385,0.8242358078602621,0.175764192139738,319786,0.8452138492871691,0.15478615071283094,357465,0.8606557377049181,0.13934426229508198,383796,0.8651452282157677,0.13485477178423236,361795,0.9018143009605124,0.09818569903948772,408541,0.3906813921625124,0.05332995712981381,0.17464297550734043,0.2738824322528137,0.27511265445119715,0.26811156326326613,0.27403530764386574,0.3215553575102621,0.35765371686916914,0.3237672625839181,0.34550660569576763,0.3932938955478491,0.40957245625241256,0.42581887762569437,0.44203328632529093,0.4582158082615422,0.47436656860340776,502336.2380952381,416986.1785714285,434056.1904761905,451126.20238095237,468196.21428571426,485266.2261904762
38,38,San Joaquin,0.4923234390992835,0.5076765609007164,101361,0.3912087912087912,0.6087912087912087,116863,0.3967611336032389,0.603238866396761,137213,0.4505050505050505,0.5494949494949495,138453,0.5221238938053098,0.4778761061946903,154210,0.5076754385964912,0.4923245614035088,145140,0.4937888198757765,0.5062111801242236,167239,0.4626262626262626,0.5373737373737374,189864,0.5541922290388548,0.4458077709611452,210308,0.5702564102564103,0.4297435897435897,205364,0.5766738660907128,0.4233261339092873,227002,0.06554095729271281,-0.01819941762371652,-0.055737794375208816,-0.011542668961761093,-0.010479362788949453,-0.012425296811690245,-0.03967719460150876,-0.008891630474223478,-0.024933869791737395,0.01730375391785477,0.050617787736410236,0.05807561648910564,0.06987350263433001,0.08164809580063093,0.0933994877831168,0.10512776983527772,0.1168330326733269,303394.5119047619,238290.82142857142,251311.55952380953,264332.29761904763,277353.03571428574,290373.7738095238
39,39,San Luis Obispo,0.4727085478887745,0.5272914521112256,54298,0.3466509988249119,0.6533490011750882,69527,0.3546099290780142,0.6453900709219859,76950,0.433502538071066,0.5664974619289339,83467,0.5245901639344263,0.4754098360655738,104619,0.4636678200692042,0.5363321799307958,100500,0.439312567132116,0.560687432867884,108886,0.4633401221995926,0.5366598778004074,129050,0.5272914521112256,0.4727085478887745,133155,0.5051975051975052,0.4948024948024948,125966,0.544543429844098,0.4554565701559021,137202,0.033410521046097985,-0.03781430883422554,-0.10029558675908812,-0.05369387348698579,-0.027481875222933994,-0.009959026682573757,-0.08368481312879578,-0.06336788321788395,-0.024220010218407417,-0.009597023009774386,-0.014441117322494867,0.010523804465314868,0.01834762845597382,0.0261560055975103,0.03394899676427343,0.04172666247145784,0.0494890628779423,183326.88095238095,147552.5357142857,154707.40476190476,161862.27380952382,169017.14285714287,176172.0119047619
40,40,San Mateo,0.4673684210526315,0.5326315789473685,231741,0.42857142857142855,0.5714285714285714,238637,0.4746963562753037,0.5253036437246964,260631,0.5649087221095336,0.4350912778904665,254480,0.6650246305418719,0.3349753694581281,276508,0.6748329621380846,0.32516703786191536,251532,0.6747114375655824,0.3252885624344176,259399,0.7041540020263425,0.2958459979736575,284857,0.7484725050916496,0.2515274949083503,303292,0.7387295081967213,0.2612704918032787,285720,0.8044633368756643,0.19553666312433585,314384,0.2933304280776643,-0.04315443567036853,-0.018375157012571475,0.06639255371030373,0.1039243088155336,0.13047543992487187,0.12748032894008465,0.1720309872155824,0.21659386960834248,0.21158402997064962,0.2190908856767213,0.2945959377660188,0.3189411031345202,0.3432382029922394,0.36748742676012114,0.3916889627415543,0.4158429981311542,351845.27380952385,313385.39285714284,321077.36904761905,328769.34523809527,336461.3214285715,344153.29761904763
41,41,Santa Barbara,0.4746639089968976,0.5253360910031024,119844,0.3684210526315789,0.631578947368421,128995,0.3643724696356275,0.6356275303643725,142320,0.4508611955420466,0.5491388044579534,142940,0.5462724935732648,0.4537275064267352,162756,0.5251959686450168,0.4748040313549832,150745,0.5069518716577539,0.49304812834224604,154974,0.540650406504065,0.459349593495935,169861,0.6168032786885247,0.3831967213114754,175407,0.5929752066115702,0.4070247933884297,163885,0.6553610503282276,0.3446389496717724,178878,0.14422814153022756,-0.03585894772610243,-0.0785255329524211,-0.04393133292937246,-0.01012321775195335,0.01172330295626478,-0.022156664552983152,0.004271421307753931,0.05309027408606504,0.07991480356752467,0.07333658409157018,0.1348203751585828,0.15535812669747884,0.17585532983576968,0.1963121443703102,0.21672872915510766,0.23710524210889616,201571.20238095237,180970.9642857143,185091.0119047619,189211.05952380953,193331.10714285716,197451.15476190476
42,42,Santa Clara,0.4865145228215767,0.5134854771784232,443138,0.42168674698795183,0.5783132530120482,477003,0.4430894308943089,0.556910569105691,526639,0.5218718209562564,0.4781281790437437,541528,0.6340206185567011,0.365979381443299,602055,0.6386083052749719,0.3613916947250281,523291,0.6382754994742377,0.3617245005257624,548129,0.6487309644670051,0.3512690355329949,603816,0.7081632653061225,0.29183673469387755,665589,0.7209062821833162,0.27909371781668385,644277,0.7792068595927116,0.2207931404072883,703709,0.26807395079471164,-0.024008333901423318,-0.02525983859604819,0.034785628329308926,0.06088740766225642,0.0994714279397011,0.09125567207697194,0.1355950491242377,0.16117083204900506,0.17127479018512248,0.20126765966331617,0.2673855941981884,0.29360249327679355,0.3197676314153597,0.345881212598087,0.3719434396057295,0.3979545140250451,810895.6904761905,702029.1428571428,723802.4523809524,745575.7619047619,767349.0714285714,789122.380952381
43,43,Santa Cruz,0.5424628450106157,0.4575371549893843,73969,0.4642857142857143,0.5357142857142857,85804,0.5411167512690355,0.4588832487309645,92147,0.6256358087487284,0.3743641912512716,102611,0.7262500000000001,0.27375,113992,0.6774580335731415,0.32254196642685845,103062,0.6925675675675675,0.3074324324324325,108350,0.7456588355464759,0.25434116445352395,122084,0.7960865087538621,0.20391349124613806,127736,0.790356394129979,0.20964360587002093,120385,0.8090507726269316,0.19094922737306846,130012,0.2979178638289316,0.031939988287615684,0.01733912870171428,0.13281294870403548,0.1646513954547284,0.19170080938300005,0.1301054003751415,0.18988711721756757,0.25809870312847594,0.2591980336328621,0.270717771609979,0.3154774832460845,0.33649163218289857,0.35746429215107867,0.3783956266541395,0.39928579823092036,0.42013496846325893,151261.3333333333,132718.0,136426.66666666666,140135.3333333333,143844.0,147552.66666666666
44,44,Shasta,0.5264797507788161,0.4735202492211837,37854,0.3580110497237569,0.6419889502762431,47418,0.36852791878172586,0.6314720812182741,53127,0.395112016293279,0.604887983706721,54585,0.43406593406593397,0.5659340659340659,68359,0.3748584371460929,0.6251415628539071,62961,0.3172268907563025,0.6827731092436975,66544,0.3177664974619289,0.6822335025380711,77731,0.3678278688524591,0.632172131147541,80390,0.3492227979274612,0.6507772020725389,76501,0.30087527352297594,0.6991247264770241,81024,-0.21025763527502406,0.01595689405581613,-0.08893553586024311,-0.039775883783274124,-0.06587239700072095,-0.10048325655106605,-0.17249419605190708,-0.18545355959369747,-0.16979363495607108,-0.16906060626854091,-0.17041582459253884,-0.2267911353725438,-0.24253355959007195,-0.25824490298931124,-0.2739252880563967,-0.28957483655477034,-0.30519366953095783,103725.46428571429,86507.78571428571,89951.32142857143,93394.85714285714,96838.39285714287,100281.92857142858
45,45,Sierra,0.5533678756476684,0.4466321243523316,1576,0.4321550741163056,0.5678449258836945,1718,0.4199796126401632,0.5800203873598371,1896,0.4789311408016443,0.5210688591983555,1696,0.4853556485355649,0.5146443514644352,1875,0.3952941176470589,0.6047058823529412,1707,0.3149946062567421,0.6850053937432578,1847,0.34121274409044194,0.658787255909558,1948,0.3905759162303665,0.6094240837696335,1991,0.3821052631578947,0.6178947368421053,1799,0.3641488162344983,0.6358511837655018,1858,-0.1469840925635017,0.04284501892466841,-0.014791511467694418,0.011675810075163218,0.01794672750764431,-0.049193542081435115,-0.15205851555094108,-0.1876858440932579,-0.14634738832755806,-0.1463125588906335,-0.1375333593621053,-0.2007786569118366,-0.21893730236156728,-0.23706009656298477,-0.25514718080198406,-0.273198695530823,-0.2912147803748155,2033.1785714285713,1931.5714285714284,1951.892857142857,1972.2142857142856,1992.5357142857142,2012.8571428571427
46,46,Siskiyou,0.4994829369183041,0.5005170630816961,14615,0.3776536312849162,0.6223463687150839,16738,0.4032753326509724,0.5967246673490276,18101,0.4800817160367722,0.5199182839632277,17797,0.5533980582524272,0.4466019417475729,20679,0.4480746791131856,0.5519253208868146,18293,0.3415417558886509,0.658458244111349,19819,0.3835198372329603,0.6164801627670397,20899,0.4466321243523316,0.5533678756476684,21564,0.4205020920502093,0.5794979079497908,19993,0.38962472406181015,0.6103752759381899,20493,-0.12150818473618985,-0.01103991980469593,-0.06929295429908383,-0.005028469914027611,0.019097302742772215,0.018848867635427147,-0.09927795408481438,-0.1611386944613491,-0.10404029518503971,-0.09025635076866839,-0.09913653046979076,-0.15934953449857403,-0.1769376358948307,-0.19449101248785894,-0.21200980112432433,-0.2294941378434885,-0.24694415788364665,22920.488095238095,21352.92857142857,21666.440476190473,21979.95238095238,22293.464285714283,22606.97619047619
47,47,Solano,0.5628865979381443,0.4371134020618557,61644,0.430976430976431,0.5690235690235691,80676,0.4483805668016194,0.5516194331983806,94798,0.5192697768762679,0.4807302231237322,106088,0.6235595390524968,0.3764404609475032,132111,0.6135857461024499,0.3864142538975501,117279,0.5925155925155925,0.4074844074844075,131735,0.5771947527749748,0.4228052472250252,148837,0.6455566905005107,0.3544433094994893,161588,0.6498973305954825,0.35010266940451745,152840,0.6633986928104575,0.33660130718954245,168150,0.1522657840124575,0.05236374121514431,-0.01597015460756901,0.04007676423661943,0.05828536358226788,0.08901034843549682,0.06623311290444989,0.08983514216559252,0.08963462035697478,0.10866821537951066,0.13025870807548245,0.15091928326364723,0.16259611880837355,0.17424990036862198,0.1858807187976268,0.19748866441258883,0.20907382699895294,217650.23809523808,176691.42857142858,184883.19047619047,193074.95238095237,201266.71428571426,209458.47619047618
48,48,Sonoma,0.4989495798319328,0.5010504201680672,105952,0.4289099526066351,0.5710900473933649,125985,0.4822695035460993,0.5177304964539007,149657,0.5741869918699186,0.4258130081300813,161583,0.6866059817945382,0.31339401820546164,197691,0.6533490011750882,0.3466509988249119,181297,0.648854961832061,0.35114503816793896,197006,0.6850152905198778,0.3149847094801223,220690,0.7540983606557377,0.2459016393442623,229351,0.7372793354101765,0.26272066458982346,216865,0.7577092511013216,0.2422907488986784,233303,0.2465763423033216,-0.011573276891067241,-0.018036632977364908,0.07396570098109934,0.11320257857591864,0.15205679117753823,0.10599636797708822,0.14617451148206106,0.19745515810187775,0.21720988553473763,0.2176407128901765,0.2624279271329897,0.28182970111046757,0.30119316948753294,0.32051848322241483,0.3398057923826485,0.3590552461521952,291326.60714285716,245745.89285714287,254862.03571428574,263978.1785714286,273094.3214285715,282210.4642857143
49,49,Stanislaus,0.5386199794026777,0.4613800205973224,73465,0.44742729306487694,0.552572706935123,84186,0.4026236125126135,0.5973763874873865,93985,0.4636363636363636,0.5363636363636364,97315,0.525706940874036,0.474293059125964,128005,0.5060639470782801,0.49393605292172,117007,0.4564315352697095,0.5435684647302904,128267,0.408080808080808,0.591919191919192,145624,0.5087001023541453,0.4912998976458546,161512,0.5144329896907216,0.4855670103092784,155816,0.5098039215686274,0.4901960784313726,174406,-0.0013289872293725802,0.028097122679677677,0.0004807074808769185,-0.005680190052386458,0.0026519503423636515,-0.008842249742963992,-0.04128868611971992,-0.0462489150802905,-0.07947932433719201,-0.028188372766854708,-0.005205632829278439,-0.02627297879054638,-0.02633516538293887,-0.026397229198168753,-0.02645917072008752,-0.026520990429691804,-0.026582688805146304,232313.73809523808,182934.92857142858,192810.69047619047,202686.45238095237,212562.21428571426,222437.97619047618
50,50,Sutter,0.4435318275154004,0.5564681724845996,16131,0.3021978021978022,0.6978021978021978,18557,0.2764227642276422,0.7235772357723577,20323,0.3174924165824065,0.6825075834175935,20898,0.3784119106699752,0.6215880893300249,25860,0.3739130434782609,0.6260869565217392,24745,0.3268041237113402,0.6731958762886597,26564,0.3218970736629667,0.6781029263370334,30145,0.41470888661899896,0.5852911133810009,33021,0.4020512820512821,0.597948717948718,31083,0.4188311688311688,0.5811688311688311,33824,-0.09230173996683122,-0.06699102920759964,-0.14474878338619784,-0.13188103833735776,-0.14349199671159346,-0.1561372799470248,-0.1734395897197391,-0.17587632663865976,-0.1656630587550333,-0.12217958850200106,-0.11758734046871794,-0.10522587528171101,-0.09681323446006473,-0.0884172030091932,-0.08003771547336669,-0.07167470678304966,-0.06332811225184543,44666.98809523809,36035.67857142857,37761.94047619047,39488.20238095238,41214.46428571429,42940.72619047619
51,51,Tehama,0.5338189386056191,0.4661810613943809,13635,0.34623893805309736,0.6537610619469026,15457,0.3604887983706721,0.639511201629328,18455,0.4228804902962206,0.5771195097037793,17434,0.502808988764045,0.4971910112359551,20979,0.4151162790697675,0.5848837209302326,20443,0.3291139240506329,0.6708860759493671,20854,0.3252032520325203,0.6747967479674797,23444,0.3760330578512397,0.6239669421487604,24560,0.35751295336787564,0.6424870466321243,22977,0.3054662379421222,0.6945337620578778,23908,-0.2056666708558778,0.023296081882619113,-0.10070764753090267,-0.04781500419432788,-0.03810392299777937,-0.03174020185295501,-0.13223635412823248,-0.17356652629936709,-0.16235688038547968,-0.16085541726976033,-0.1621256691521244,-0.23482375940450595,-0.25722855487222773,-0.27958911576926937,-0.30190561641927616,-0.32417823011736857,-0.3464071291382851,29769.70238095238,25588.214285714286,26424.511904761905,27260.809523809523,28097.10714285714,28933.404761904763
52,52,Trinity,0.5219665271966527,0.4780334728033474,4356,0.3626882966396292,0.6373117033603708,5546,0.38516992790937177,0.6148300720906282,5935,0.43536711478800416,0.5646328852119958,5980,0.5101721439749608,0.4898278560250391,6029,0.4657534246575342,0.5342465753424658,5893,0.3663366336633663,0.6336633663366337,5797,0.43839835728952775,0.5616016427104723,6513,0.5239583333333333,0.4760416666666667,6430,0.496272630457934,0.503727369542066,5739,0.44073647871116217,0.5592635212888377,5784,-0.07039643008683782,0.01144367047365269,-0.08425828894437082,-0.023133874655628217,-0.02561729850599581,-0.024377046642039213,-0.08159920854046576,-0.1363438166866337,-0.04916177512847225,-0.012930141787666716,-0.02336599206206602,-0.05383856979680646,-0.05402943457684084,-0.054219922525869935,-0.0544100351289436,-0.05459977386235004,-0.05478914019368519,5964.642857142857,5994.107142857142,5988.214285714285,5982.321428571428,5976.428571428572,5970.535714285714
53,53,Tulare,0.44501018329938896,0.554989816700611,58442,0.3784648187633262,0.6215351812366737,70846,0.3545454545454545,0.6454545454545454,79943,0.3955375253549696,0.6044624746450304,78669,0.4351050679851669,0.5648949320148331,88553,0.4141304347826087,0.5858695652173913,85846,0.37874097007223945,0.6212590299277606,89818,0.3319878910191725,0.6680121089808275,98860,0.4218590398365679,0.5781409601634321,105525,0.4229979466119097,0.5770020533880903,101279,0.4493534482758621,0.5506465517241379,114102,-0.0617794605221379,-0.06551267342361106,-0.0684817668206738,-0.05375834801954549,-0.06544688793903036,-0.09944412263183311,-0.1332221984153913,-0.12393948027776053,-0.15557224139882753,-0.1150294352844321,-0.09664067590809033,-0.10315258313668085,-0.1024391686858479,-0.10172716275409721,-0.10101655979060764,-0.10030735427730963,-0.09959954072862143,138278.2857142857,115674.71428571428,120195.42857142857,124716.14285714284,129236.85714285713,133757.57142857142
54,54,Tuolumne,0.515495867768595,0.484504132231405,13003,0.3821871476888388,0.6178128523111612,16063,0.4095528455284552,0.5904471544715447,18051,0.4501018329938901,0.5498981670061099,19715,0.5190735694822888,0.4809264305177111,24178,0.4625,0.5375,21972,0.4151738672286617,0.5848261327713382,23727,0.39086294416243655,0.6091370558375635,26235,0.4346035015447992,0.5653964984552008,27303,0.41865284974093264,0.5813471502590674,24758,0.3851203501094092,0.6148796498905909,25893,-0.1260125586885908,0.004973011045594999,-0.0647594378951612,0.001249042963455238,-0.010882580300109856,-0.015475621134711237,-0.08485263319799996,-0.0875065831213383,-0.09669718825556345,-0.10228497357620081,-0.1009857727790674,-0.1472726917813887,-0.16254561896224118,-0.17778839226921406,-0.19300113053544976,-0.20818395189296268,-0.22333697377822403,31533.892857142855,27685.85714285714,28455.464285714283,29225.071428571428,29994.67857142857,30764.28571428571
55,55,Ventura,0.4532374100719424,0.5467625899280575,155400,0.3285077951002227,0.6714922048997772,190650,0.30535894843276035,0.6946410515672397,220462,0.3765182186234818,0.6234817813765181,239473,0.5103448275862069,0.4896551724137931,267647,0.5034246575342466,0.4965753424657535,251194,0.4942287513116474,0.5057712486883525,282692,0.4812563323201621,0.5187436676798379,313193,0.5623721881390593,0.4376278118609407,341041,0.5364850976361767,0.4635149023638232,327712,0.5947712418300654,0.40522875816993453,356107,0.08363833303206536,-0.057285446651057614,-0.11843879048377731,-0.10294485413223964,-0.08446619467051819,-0.024204363030793097,-0.043927975663753394,-0.008451699038352578,-0.0063038000978379305,0.025483713018059295,0.01684647511617665,0.07983702265173065,0.09860331984985748,0.11733256609160492,0.13602490739074824,0.15468048889960073,0.17329945491582066,457616.27380952385,373282.64285714284,390149.36904761905,407016.09523809527,423882.8214285715,440749.54761904763
56,56,Yolo,0.5615305067218201,0.43846949327818,43317,0.5229468599033816,0.4770531400966184,49690,0.5157041540020264,0.4842958459979737,50853,0.5763397371081901,0.42366026289180986,53372,0.6547911547911547,0.3452088452088452,62436,0.6371780515117581,0.3628219484882419,58079,0.5941558441558441,0.40584415584415584,61436,0.6044852191641182,0.39551478083588176,72269,0.6853932584269663,0.3146067415730337,79749,0.6756476683937824,0.3243523316062176,74671,0.725,0.275,82090,0.21386709120199998,0.051007649998820126,0.07600027431938161,0.10740035143702642,0.11535532381419011,0.12024196417415467,0.08982541831375812,0.09147539380584413,0.11692508674611823,0.14850478330596628,0.1560090458737824,0.18856370802207323,0.20115509458614156,0.21372162153568297,0.22626338683973302,0.23878048788931494,0.2512730215020085,106243.91666666667,86122.25,90146.58333333334,94170.91666666667,98195.25,102219.58333333334
57,57,Yuba,0.5401234567901234,0.4598765432098765,11947,0.38131868131868135,0.6186813186813187,13716,0.3533604887983707,0.6466395112016293,15119,0.3785425101214575,0.6214574898785425,14381,0.4407216494845361,0.5592783505154639,16755,0.42069741282339707,0.5793025871766029,15068,0.360587002096436,0.6394129979035639,15891,0.3204868154158215,0.6795131845841785,17763,0.4246153846153846,0.5753846153846154,20873,0.4058272632674298,0.5941727367325703,18986,0.37513631406761183,0.6248636859323883,21191,-0.13599659473038817,0.029600600067123395,-0.06562790426531867,-0.05494331376662931,-0.08244190317254246,-0.09382754113246389,-0.12665522037460292,-0.14209344825356396,-0.16707331700217848,-0.1122730905056154,-0.11381135925257024,-0.14620919228247686,-0.1516038839972076,-0.15698792478355728,-0.1623613566156763,-0.16772422122006603,-0.17307656007754701,26447.59523809524,21798.071428571428,22727.97619047619,23657.880952380954,24587.785714285717,25517.690476190477
