,Unnamed: 0,counties,1976D,1976R,1976Total,1980D,1980R,1980Total,1984D,1984R,1984Total,1988D,1988R,1988Total,1992D,1992R,1992Total,1996D,1996R,1996Total,2000D,2000R,2000Total,2004D,2004R,2004Total,2008D,2008R,2008Total,2012D,2012R,2012Total,2016D,2016R,2016Total,Partisan Lean 2016,Partisan Lean 1976,Partisan Lean 1980,Partisan Lean 1984,Partisan Lean 1988,Partisan Lean 1992,Partisan Lean 1996,Partisan Lean 2000,Partisan Lean 2004,Partisan Lean 2008,Partisan Lean 2012,Partisan Lean 2020,Partisan Lean 2024,Partisan Lean 2028,Partisan Lean 2032,Partisan Lean 2036,Partisan Lean 2040,2040Total,1976Proportion,1980Proportion,1984Proportion,1988Proportion,1992Proportion,1996Proportion,2000Proportion,2004Proportion,2008Proportion,2012Proportion,2016Proportion,2020Proportion,2024Proportion,2028Proportion,2032Proportion,2036Proportion,2040Proportion,2020Total,2024Total,2028Total,2032Total,2036Total
0,0,Alachua,0.642051282051282,0.3579487179487179,44578,0.5753575357535753,0.4246424642464247,51364,0.4644644644644644,0.5355355355355355,57253,0.49342770475227504,0.506572295247725,60213,0.6238993710691824,0.3761006289308176,76372,0.6131968145620023,0.3868031854379977,74516,0.5810526315789474,0.4189473684210526,85757,0.5666666666666667,0.4333333333333333,111328,0.6091370558375635,0.39086294416243655,125967,0.5881753312945974,0.4118246687054027,120773,0.6182396606574762,0.3817603393425239,130100,0.10710675185947616,0.13152842532828202,0.12841095016957527,0.05616066189946439,0.03244329145827507,0.08935018045218235,0.06584418136400227,0.0783721812289474,0.07910653424866665,0.07224858071656348,0.06853670877459739,0.09754772648529908,0.1027181420153731,0.10787834941337593,0.11302838890844313,0.11816830049236415,0.12329812392145101,198911.7142857143,0.014149437202945297,0.013931233992601507,0.01369672611571632,0.01399564462177731,0.014370885202270981,0.014049718915119457,0.014381591723587406,0.014629700810476069,0.014974461853976915,0.014221988694995084,0.01369122468267877,21480135.85714285,21522571.0,21565006.14285714,21607441.285714284,21649876.428571425,21692311.571428567,145867.7857142857,156476.57142857142,167085.35714285716,177694.14285714284,188302.92857142858
1,1,Baker,0.7385892116182573,0.2614107883817427,4195,0.5335365853658536,0.4664634146341463,4976,0.284,0.716,4866,0.2835671342685371,0.7164328657314629,4781,0.3659147869674185,0.6340852130325815,6756,0.3812709030100335,0.6187290969899666,6637,0.29867482161060144,0.7013251783893986,8155,0.21987951807228914,0.7801204819277109,9955,0.2116935483870968,0.7883064516129032,11087,0.2048435923309788,0.7951564076690212,11390,0.17008196721311478,0.8299180327868853,12705,-0.34105094158488525,0.22806635489525728,0.08658999978185355,-0.12430380256500001,-0.1774172790254629,-0.1686344036495815,-0.16608173018796646,-0.20400562873939854,-0.2676806143457109,-0.3251949267339032,-0.3147950301890212,-0.3746433185576734,-0.4031284049370356,-0.43155725221488694,-0.4599300820234049,-0.4882471146871552,-0.5165085692334088,19540.22619047619,0.001331528760068992,0.001349618805918252,0.001164100907883877,0.0011112745908145637,0.0012712735089632685,0.001251382044656823,0.0013676070817059285,0.0013081944485510318,0.0013179789831864065,0.0013412637860779645,0.0013370254388426885,2259286.9880952383,2263753.083333333,2268219.1785714286,2272685.2738095243,2277151.369047619,2281617.4642857146,13957.607142857143,15074.130952380952,16190.654761904763,17307.178571428572,18423.70238095238
2,2,Bay,0.5111561866125761,0.488843813387424,29484,0.3713692946058091,0.6286307053941909,34561,0.242,0.758,38744,0.2676767676767677,0.7323232323232324,43851,0.3597951344430218,0.6402048655569783,45689,0.3754266211604095,0.6245733788395904,51694,0.3282208588957055,0.6717791411042944,58876,0.28298086606243705,0.7170191339375629,75024,0.2945344129554656,0.7054655870445343,81366,0.27918781725888325,0.7208121827411168,80101,0.259453781512605,0.7405462184873949,88222,-0.251679127285395,0.0006333298895760953,-0.07557729097819094,-0.166303802565,-0.1933076456172323,-0.1747540561739782,-0.1719260120375905,-0.17445959145429446,-0.20457926635556295,-0.2423540621655344,-0.24045080526111678,-0.2588918107514999,-0.2704158007065587,-0.2819170384455205,-0.2933956136323843,-0.304851615402157,-0.316285132364996,132082.63095238095,0.00935847293489253,0.00937382949182892,0.009268788650853458,0.010192533378332863,0.008597278767173295,0.009746714391515716,0.009873603254753923,0.009858963365956062,0.009672470275633187,0.009432534725955314,0.009284144688357313,14169807.94047619,14197799.416666668,14225790.892857146,14253782.36904762,14281773.845238095,14309765.321428573,97093.28571428571,104091.15476190476,111089.02380952382,118086.89285714287,125084.76190476191
3,3,Bradford,0.6973684210526315,0.3026315789473684,5617,0.5463812436289501,0.45361875637105,6243,0.362,0.638,6471,0.3614457831325301,0.6385542168674699,6636,0.453416149068323,0.546583850931677,8341,0.4537346711259755,0.5462653288740245,8248,0.3619631901840491,0.6380368098159509,8675,0.3005025125628141,0.6994974874371859,10855,0.2965587044534413,0.7034412955465588,11703,0.2878787878787879,0.7121212121212122,11664,0.2474332648870637,0.7525667351129363,12158,-0.2636996439109363,0.1868455643296315,0.09943465804495011,-0.046303802564999996,-0.09953863016146985,-0.08113304154867701,-0.0936179620720245,-0.14071726016595087,-0.18705761985518593,-0.24032977066755873,-0.23175983464121214,-0.29475182282450874,-0.32290232494804627,-0.350997248551451,-0.3790368126636565,-0.4070212350212472,-0.4349507320788746,17454.440476190477,0.0017828836818373128,0.0016932616972161671,0.001548067606846808,0.0015424426238538893,0.0015695222525551546,0.0015551301950172485,0.0014548119477374528,0.001426464162633998,0.00139120664203396,0.0013735294820731675,0.001279461258201449,1636917.3452380954,1640146.583333333,1643375.8214285714,1646605.0595238097,1649834.2976190476,1653063.5357142857,13417.892857142859,14225.202380952382,15032.511904761906,15839.82142857143,16647.130952380954
4,4,Brevard,0.5111788617886178,0.4888211382113821,92364,0.3592750533049041,0.6407249466950958,115636,0.265,0.735,139511,0.29061553985872857,0.7093844601412714,149159,0.4193548387096774,0.5806451612903226,195860,0.4774044032444959,0.5225955967555039,195133,0.457905544147844,0.542094455852156,218488,0.41893252769385697,0.581067472306143,265462,0.4478216818642351,0.5521783181357649,288927,0.4355329949238578,0.5644670050761421,286428,0.3966244725738397,0.6033755274261603,318141,-0.11450843622416029,0.000656005065617804,-0.08767153227909591,-0.14330380256499997,-0.1703688734352714,-0.11519435190732263,-0.06994822995350408,-0.04477490620215596,-0.06862760472414303,-0.08906679325676492,-0.08410562759614226,-0.06960993594760367,-0.06409894614901646,-0.05859883689017664,-0.05310956529206834,-0.047631088728650184,-0.042163364824869376,461826.7142857143,0.029317120952327143,0.031363448601519885,0.03337543809284578,0.03466986126151631,0.036854888908458526,0.03679161255386769,0.036640801479799485,0.034884572044324866,0.03434650614910245,0.03372919260041608,0.033479937830684904,47365688.85714286,47459216.0,47552743.14285714,47646270.28571428,47739797.42857143,47833324.57142858,344917.7857142857,368299.5714285714,391681.35714285716,415063.14285714284,438444.9285714285
5,5,Broward,0.5227963525835866,0.4772036474164134,342343,0.3890710382513661,0.6109289617486339,410561,0.433,0.5670000000000001,449226,0.4974874371859296,0.5025125628140703,440605,0.626360338573156,0.3736396614268441,533050,0.6917211328976035,0.3082788671023965,505098,0.6856561546286877,0.3143438453713123,575239,0.6497975708502024,0.35020242914979755,706872,0.67472306143001,0.3252769385699899,735091,0.675730110775428,0.3242698892245721,757354,0.6793422404933196,0.32065775950668035,837388,0.1682093316953196,0.01227349586058657,-0.05787554733263395,0.02469619743500001,0.03650302389192961,0.09181114795615597,0.14436849969960353,0.1829757042786877,0.1622374384322024,0.13783458630901002,0.15609148825542796,0.19933197655846868,0.21353262060453915,0.22770522782279556,0.24184990870333678,0.2559667730843458,0.2700559301573051,1170215.9761904762,0.1086625864858877,0.11135467173967112,0.10746904941328453,0.10241228635972616,0.1003037809284888,0.09523437818171944,0.09646853832905417,0.09289061037028276,0.08738472884725162,0.08918450337500357,0.08812349926655656,113902950.23809524,114127741.33333334,114352532.42857143,114577323.52380952,114802114.61904764,115026905.71428572,889227.107142857,945424.880952381,1001622.6547619047,1057820.4285714286,1114018.2023809524
6,6,Calhoun,0.6828774062816616,0.3171225937183384,3689,0.6046986721144024,0.3953013278855976,3884,0.345,0.655,3807,0.35418768920282545,0.6458123107971746,3784,0.4918918918918919,0.5081081081081081,4579,0.5106635071090048,0.4893364928909952,4158,0.4290123456790124,0.5709876543209876,5175,0.35894843276036403,0.641051567239636,5963,0.2954314720812183,0.7045685279187818,6264,0.2758974358974359,0.7241025641025641,6183,0.21079958463136034,0.7892004153686397,6128,-0.30033332416663966,0.17235454955866158,0.1577520865304024,-0.06330380256500001,-0.10679672409117452,-0.042657298725108095,-0.036689126088995216,-0.07366810467098756,-0.12861169965763597,-0.24145700303978174,-0.2437411866225641,-0.3083579487770862,-0.3440347169093343,-0.37964104715143776,-0.4151772170914967,-0.4506435026797817,-0.486040178241808,8845.595238095239,0.001170920046697142,0.0010534404023686678,0.0009107546560447842,0.0008795363002807589,0.0008616283892159275,0.0007839756729972985,0.0008678561186791147,0.0007836025611963639,0.0007446396997095383,0.0007280978041545263,0.0006448872010411644,761907.5476190477,763409.1666666665,764910.7857142857,766412.4047619047,767914.0238095238,769415.6428571428,6968.571428571429,7343.976190476191,7719.380952380953,8094.785714285715,8470.190476190477
7,7,Charlotte,0.4477157360406092,0.5522842639593909,23333,0.3228511530398323,0.6771488469601677,31700,0.29100000000000004,0.7090000000000001,38793,0.3561368209255533,0.6438631790744467,45159,0.4848883048620237,0.5151116951379764,62064,0.4931192660550458,0.5068807339449541,63027,0.4552929085303186,0.5447070914696814,66900,0.4350912778904665,0.5649087221095336,79786,0.4634888438133874,0.5365111561866126,85499,0.4281376518218623,0.5718623481781376,84923,0.3568464730290456,0.6431535269709543,97187,-0.1542864357689544,-0.0628071206823908,-0.12409543254416772,-0.11730380256499995,-0.10484759236844665,-0.04966088575497629,-0.05423336714295418,-0.047387541819681356,-0.052468854527533526,-0.07339963130761262,-0.09150097069813773,-0.11134808415989639,-0.11860533699126918,-0.12584826157475248,-0.13307691437642077,-0.1402913515291857,-0.14749162883545708,136264.95238095237,0.007406093100998758,0.008597852923554779,0.009280510998672263,0.010496559139634987,0.011678555219108391,0.011883510038961216,0.011219241418286523,0.01048474156424838,0.010163785071115232,0.010000363872265057,0.010227586881133757,13480773.976190476,13507383.166666664,13533992.357142858,13560601.547619047,13587210.73809524,13613819.92857143,103003.46428571429,109655.76190476191,116308.05952380953,122960.35714285714,129612.65476190476
8,8,Citrus,0.5422177009155645,0.4577822990844354,17707,0.390625,0.609375,24430,0.335,0.665,31236,0.3661971830985915,0.6338028169014084,33474,0.4923928077455048,0.5076071922544951,44746,0.5223529411764706,0.4776470588235294,49600,0.4612202688728025,0.5387797311271976,57248,0.4252525252525253,0.5747474747474748,69467,0.4185336048879837,0.5814663951120163,76509,0.3894523326572008,0.6105476673427993,74169,0.2947916666666667,0.7052083333333333,80412,-0.21634124213133332,0.03169484419256452,-0.05632158558400002,-0.07330380256499996,-0.09478723019540847,-0.0421563828714952,-0.024999692021529407,-0.04146018147719749,-0.06230760716547468,-0.11835487023301633,-0.13018628986279923,-0.1761740134689802,-0.19490492170878326,-0.21359884886187785,-0.23225594066667554,-0.2508763420017601,-0.2694601968926804,125012.13095238096,0.0056203527424413926,0.006626042489666981,0.007472637887106614,0.007780549184883225,0.008419834877452697,0.009351898359948534,0.009600584943409074,0.00912871358689046,0.009095089205791357,0.008733994183460627,0.008462250262748388,13704366.44047619,13731443.916666668,13758521.392857146,13785598.86904762,13812676.345238095,13839753.821428573,91165.28571428571,97934.65476190476,104704.02380952382,111473.39285714287,118242.76190476191
9,9,Clay,0.4979674796747967,0.5020325203252032,17148,0.3278008298755187,0.6721991701244813,24122,0.203,0.797,27060,0.23069207622868604,0.7693079237713141,33837,0.2865928659286593,0.7134071340713407,45485,0.3042071197411003,0.6957928802588996,47092,0.2594099694811801,0.7405900305188199,57559,0.2341708542713568,0.7658291457286432,81495,0.28456104944500504,0.715438950554995,94723,0.26895854398382196,0.7310414560161779,96805,0.2703549060542797,0.7296450939457202,107317,-0.2407780027437203,-0.012555377048203309,-0.11914575570848135,-0.20530380256499997,-0.23029233706531393,-0.24795632468834072,-0.24314551345689966,-0.24327048086881986,-0.2533892781466432,-0.252327425675995,-0.2506800785361781,-0.2519057109816458,-0.2533794126092914,-0.2548502046563126,-0.2563180985890492,-0.25778310580619124,-0.25924523763931173,176598.59523809524,0.0054429213772736774,0.006542504991229919,0.006473606775038577,0.007864923306712485,0.008558892178092699,0.008879024144489845,0.009652740161362543,0.010709322610212587,0.011260297936715609,0.011399564601516888,0.011293629202698214,22571893.04761905,22616549.66666667,22661206.285714284,22705862.904761907,22750519.52380952,22795176.14285714,120777.82142857142,131941.97619047618,143106.13095238095,154270.2857142857,165434.44047619047
10,10,Collier,0.3744939271255061,0.6255060728744939,23710,0.24442082890541975,0.7555791710945802,33613,0.2122122122122122,0.7877877877877878,42691,0.24723618090452265,0.7527638190954774,51980,0.3283018867924529,0.6716981132075471,71944,0.3528114663726571,0.6471885336273429,72517,0.3312945973496432,0.6687054026503567,92202,0.34409687184661963,0.6559031281533805,128683,0.3864783047426841,0.6135216952573158,141988,0.34879032258064524,0.6512096774193549,149324,0.366839378238342,0.633160621761658,172510,-0.144293530559658,-0.1360289295974939,-0.20252575667858028,-0.19609159035278778,-0.21374823238947732,-0.2062473038245471,-0.1945411668253429,-0.17138585300035675,-0.14346326057138037,-0.15041017037831594,-0.1708482999393548,-0.1303687380438845,-0.12065591992134728,-0.1109622781550641,-0.10128773717309514,-0.09163222184939457,-0.08199565750022941,277015.97619047615,0.007525756114716519,0.009116707581055105,0.010213035729237688,0.012082002348994146,0.013537670415756866,0.013672814785652982,0.015462428957381974,0.016910335130375934,0.016878975364361098,0.017584097769298153,0.01815429031521072,35513456.73809524,35583718.83333333,35653980.928571425,35724243.02380952,35794505.11904762,35864767.21428571,189188.35714285716,206753.88095238095,224319.40476190473,241884.92857142858,259450.45238095237
11,11,Columbia,0.6285425101214575,0.3714574898785425,10766,0.5020576131687243,0.4979423868312758,11648,0.326,0.674,13075,0.3444108761329305,0.6555891238670695,11916,0.4601990049751243,0.5398009950248756,14954,0.4685714285714286,0.5314285714285715,16326,0.39157245632065774,0.6084275436793422,18514,0.32358870967741943,0.6764112903225806,24991,0.3292806484295846,0.6707193515704154,28215,0.3147773279352227,0.6852226720647773,27227,0.2714138286893705,0.7285861713106295,28864,-0.23971908010862952,0.11801965339845744,0.055111027584724304,-0.08230380256499997,-0.1165735371610695,-0.07435018564187573,-0.0787812046265714,-0.11110799402934224,-0.16397142274058057,-0.20760782669141542,-0.20486129458477736,-0.25389053981426457,-0.2769082746701059,-0.2998805648076086,-0.3228075893194813,-0.3456895262417561,-0.36852655256221567,46499.41666666667,0.003417220174231887,0.003159236304528899,0.003127953014916089,0.002769702577734018,0.0028138875152511427,0.0030782075125911244,0.003104828634053165,0.003284087138497121,0.0033540883025709803,0.003206197462997782,0.0030375365814053804,5351533.583333334,5362111.916666667,5372690.25,5383268.583333334,5393846.916666667,5404425.25,33276.5,35921.083333333336,38565.66666666667,41210.25,43854.833333333336
12,12,DeSoto,0.5756646216768916,0.4243353783231084,4822,0.44720496894409945,0.5527950310559007,6285,0.3233233233233233,0.6766766766766766,7129,0.3393756294058409,0.6606243705941591,6464,0.4629388816644993,0.5370611183355005,7429,0.4959630911188005,0.5040369088811996,7492,0.4381443298969072,0.5618556701030928,7812,0.41431451612903225,0.5856854838709677,9510,0.43756345177664974,0.5624365482233502,10164,0.4275582573454914,0.5724417426545086,9887,0.3581011351909185,0.6418988648090815,10903,-0.15303177360708148,0.06514176495389157,0.0002583833600994234,-0.08498047924167668,-0.1216087838881591,-0.0716103089525007,-0.05138954207919949,-0.06453612045309276,-0.07324561628896775,-0.09932502334435028,-0.09208036517450863,-0.11610535764431162,-0.12167981116941462,-0.12724325885611165,-0.13279574407721384,-0.13833730994963744,-0.14386799933641825,14710.380952380952,0.0015305439048993274,0.0017046531742757663,0.0017054819918422028,0.0015024637011138546,0.001397911619018372,0.001412589163563194,0.0013100854104582116,0.001249716645476676,0.001208256370984634,0.0011642734901626721,0.0011473898748289519,1282239.6904761905,1284767.166666667,1287294.6428571427,1289822.1190476192,1292349.5952380951,1294877.0714285714,11551.035714285714,12182.904761904763,12814.77380952381,13446.642857142857,14078.511904761905
13,13,Dixie,0.7951564076690212,0.2048435923309788,2752,0.6459183673469387,0.35408163265306125,3173,0.35700000000000004,0.643,3428,0.402,0.598,3397,0.5698924731182795,0.4301075268817204,4373,0.5533980582524272,0.4466019417475727,3800,0.4035087719298245,0.5964912280701754,4667,0.3064516129032258,0.6935483870967742,6442,0.2704918032786885,0.7295081967213115,7293,0.2621951219512195,0.7378048780487805,6959,0.17893660531697342,0.8210633946830266,7246,-0.3321963034810266,0.28463355094602116,0.19897178176293873,-0.051303802564999945,-0.05898441329399995,0.035343282501279494,0.006045425054427178,-0.09917167842017549,-0.1811085195147742,-0.2663966718423115,-0.2574435005687805,-0.3724494142050787,-0.42282763921329547,-0.4731064007312682,-0.5232860907338761,-0.5733670988831818,-0.623349812547076,11417.440476190477,0.0008735082592872148,0.0008605989692883066,0.0008200858841401419,0.0007895837241156812,0.0008228654610266983,0.0007164760840283151,0.0007826636726329329,0.0008465483312471869,0.0008669631752844287,0.0008194780234694077,0.0007625412302128392,1256259.8452380951,1258742.083333333,1261224.3214285714,1263706.5595238095,1266188.7976190476,1268671.0357142857,8314.642857142857,8935.202380952382,9555.761904761905,10176.32142857143,10796.880952380952
14,14,Duval,0.5852674066599395,0.4147325933400606,182561,0.4783057851239669,0.5216942148760331,195554,0.376,0.624,206249,0.3688442211055277,0.6311557788944724,203979,0.4270833333333333,0.5729166666666666,249926,0.4692144373673036,0.5307855626326964,254123,0.4144602851323829,0.5855397148676171,265181,0.4185110663983903,0.5814889336016096,381061,0.4904137235116045,0.5095862764883956,416693,0.4818181818181818,0.5181818181818182,412733,0.4926778242677825,0.5073221757322176,436573,-0.01845508453021749,0.07474454993693946,0.03135919953996685,-0.032303802564999984,-0.09214019218847225,-0.1074658572836667,-0.07813819583069637,-0.08822016521761705,-0.0690490660196097,-0.046474751609395515,-0.037820440701818225,-0.015017403645714467,-0.003493397008419663,0.008007857379837446,0.019486449183204968,0.03094246753678931,0.042376001050897116,671997.1785714286,0.0579464176321705,0.05303925964078333,0.049341275822059535,0.04741198070691568,0.04702846403214237,0.04791396102671777,0.04447129534443407,0.05007552835352132,0.049534826052213696,0.048602618632073435,0.04594326697456663,73408195.96428572,73553233.25,73698270.53571428,73843307.82142857,73988345.10714287,74133382.39285715,490700.5714285714,526959.8928571428,563219.2142857143,599478.5357142857,635737.8571428572
15,15,Escambia,0.4797570850202429,0.5202429149797569,80715,0.3925233644859813,0.6074766355140188,88559,0.287,0.713,93549,0.3158953722334004,0.6841046277665995,95460,0.37794299876084253,0.6220570012391574,105221,0.3831877729257642,0.6168122270742359,107925,0.3592630501535312,0.6407369498464688,116856,0.34040404040404043,0.6595959595959595,143278,0.402834008097166,0.5971659919028339,154874,0.3961499493414387,0.6038500506585613,148967,0.39304531085353,0.60695468914647,154172,-0.11808759794446999,-0.030765771702757128,-0.054423221098018726,-0.12130380256500001,-0.14508904106059956,-0.15660619185615748,-0.16416486027223576,-0.14341740019646876,-0.14715609201395957,-0.134054467023834,-0.12348867317856133,-0.11797535252755154,-0.11278043056264053,-0.10759576511371804,-0.10242131576096014,-0.09725704232303656,-0.09210290485519224,218479.10714285716,0.025619629051005646,0.024019471831453875,0.022379875838805758,0.022188302120719147,0.019799388674751936,0.02034886351809366,0.01959694581726891,0.01882827566042137,0.01841081239668184,0.017542058158092726,0.016224469575541516,19251192.17857143,19289143.75,19327095.32142857,19365046.89285714,19402998.46428572,19440950.035714287,171039.64285714284,180527.5357142857,190015.42857142858,199503.32142857142,208991.2142857143
16,16,Flagler,0.6229838709677421,0.3770161290322581,3373,0.4636929460580913,0.5363070539419087,5600,0.379,0.621,7914,0.3951855566700101,0.60481444332999,10782,0.5170670037926676,0.4829329962073325,16355,0.5377677564825254,0.4622322435174746,20079,0.5245398773006135,0.4754601226993865,27116,0.48640483383685795,0.513595166163142,38480,0.5075834175935288,0.4924165824064712,49217,0.4626262626262626,0.5373737373737374,50707,0.3941908713692946,0.6058091286307054,57987,-0.1169420374287054,0.11246101424474209,0.016746360474091282,-0.02930380256499998,-0.06579885662398988,-0.017482186824332446,-0.009584876715474588,0.021859426950613492,-0.0011552985811420502,-0.029305057527471257,-0.05701235989373743,-0.06834043762550124,-0.07582680109011974,-0.08329838396572598,-0.09075524450100758,-0.09819744060099467,-0.10562502982977051,101807.55952380953,0.0010706189529708485,0.001518863607946586,0.0018932787885312375,0.0025061206103665808,0.003077513060848765,0.0037858219187380366,0.004547398360213116,0.005056687331013933,0.005850723515422149,0.005971155645360434,0.006102329328781659,14453615.154761905,14482232.916666668,14510850.67857143,14539468.44047619,14568086.202380953,14596703.964285715,66035.35714285714,73189.79761904762,80344.23809523809,87498.67857142857,94653.11904761904
17,17,Franklin,0.6377551020408163,0.3622448979591837,2973,0.5406797116374872,0.4593202883625129,3382,0.33,0.67,3308,0.40122824974411453,0.5987717502558854,3269,0.4794520547945205,0.5205479452054794,4380,0.5730337078651686,0.4269662921348315,4570,0.4551083591331269,0.5448916408668729,4645,0.4090909090909091,0.5909090909090909,5931,0.35873983739837395,0.641260162601626,6049,0.3407707910750508,0.6592292089249493,5494,0.2972136222910217,0.7027863777089783,6059,-0.21391928650697828,0.1272322453178163,0.09373312605348716,-0.07830380256499997,-0.059756163549885444,-0.05509713582247949,0.025681074667168624,-0.04757209121687306,-0.07846922332709089,-0.17814863772262607,-0.17886783144494922,-0.22311663658940972,-0.25067725730808377,-0.27818346413010886,-0.3056354714947389,-0.3330334925760212,-0.36037773929285777,8535.559523809523,0.0009436555431907303,0.0009172851289420273,0.0007913780935634743,0.0007598319676579813,0.0008241826479069148,0.0008616567642130001,0.0007789742359931378,0.0007793974158067472,0.0007190813447546291,0.0006469625321081947,0.0006376259058597284,744618.1547619047,746085.9166666665,747553.6785714286,749021.4404761904,750489.2023809523,751956.9642857143,6700.857142857143,7067.797619047618,7434.738095238095,7801.678571428572,8168.619047619048
18,18,Gadsden,0.6579212916246217,0.3420787083753784,10431,0.6888433981576254,0.31115660184237465,12225,0.56,0.44,13212,0.5157680569684638,0.4842319430315361,12577,0.6812933025404158,0.31870669745958435,14394,0.71137339055794,0.2886266094420601,14199,0.6710659898477157,0.32893401015228424,14731,0.7005025125628142,0.299497487437186,20984,0.6958710976837865,0.3041289023162135,22538,0.7042253521126759,0.29577464788732394,22525,0.6905005107252298,0.3094994892747702,22214,0.17936760192722978,0.14739843490162163,0.24189681257362539,0.15169619743500007,0.05478364367446387,0.14674411192341574,0.16402075735994004,0.16838553949771573,0.21294238014481415,0.1589826225627865,0.18458672959267586,0.21706210742143384,0.22993985555380192,0.24279217869800362,0.25561917705113046,0.268420950219145,0.2811975972215208,33783.916666666664,0.0033108883185410387,0.003315733501276252,0.0031607277424911184,0.0029233425075663603,0.00270851256483382,0.00267716945187317,0.0024704132336738236,0.0027575240892410697,0.0026792288556918213,0.002652499278437765,0.002337716103774221,3362406.583333333,3369043.916666666,3375681.25,3382318.583333333,3388955.916666666,3395593.25,25487.25,27146.583333333332,28805.916666666664,30465.25,32124.583333333332
19,19,Gilchrist,0.7741935483870969,0.22580645161290325,2354,0.5985626283367556,0.4014373716632443,2793,0.338,0.662,3108,0.37965760322255787,0.6203423967774421,3012,0.5200553250345781,0.4799446749654218,4017,0.5061124694376528,0.4938875305623472,4795,0.36645962732919257,0.6335403726708075,5395,0.2903225806451613,0.7096774193548387,7015,0.2607361963190184,0.7392638036809815,7819,0.24134419551934824,0.7586558044806517,7937,0.17768595041322313,0.8223140495867768,8472,-0.3334469583847769,0.26367069166409685,0.15161604275275553,-0.07030380256499996,-0.0813268100714421,-0.014493865582421939,-0.041240163760347226,-0.1362208230208074,-0.1972375517728387,-0.2761522788019816,-0.27829442700065177,-0.3752834992443468,-0.4206443345491948,-0.46591561237170254,-0.5110976856481102,-0.5561909052324268,-0.6011956199127724,13806.130952380952,0.0007471796665559969,0.0007575332244633598,0.0007435317759356947,0.0007000960191452552,0.0007558770996899717,0.0009040796902409924,0.0009047504850770672,0.0009218467158800087,0.0009294919878717881,0.0009346453617296581,0.0008915607648858918,1649937.9404761903,1653200.416666667,1656462.8928571427,1659725.3690476192,1662987.8452380954,1666250.3214285714,9728.035714285714,10543.654761904761,11359.27380952381,12174.892857142857,12990.511904761905
20,20,Glades,0.6771573604060914,0.32284263959390863,1965,0.5228215767634854,0.4771784232365145,2389,0.35,0.65,3057,0.4006024096385542,0.5993975903614458,2593,0.5243902439024389,0.4756097560975609,3374,0.5290628706998813,0.4709371293001186,3431,0.4395491803278689,0.5604508196721312,3365,0.4128902316213495,0.5871097683786506,4188,0.3981762917933131,0.6018237082066871,4261,0.4060913705583756,0.5939086294416244,4004,0.29774127310061604,0.702258726899384,4382,-0.21339163569738395,0.1666345036830914,0.07587499117948537,-0.05830380256500001,-0.06038200365544577,-0.010158946714561079,-0.018289762498118645,-0.06313127002213109,-0.07466990079665048,-0.13871218332768692,-0.11354725196162446,-0.19113619311752927,-0.21422718548319608,-0.23727258849565658,-0.2602725818176168,-0.2832273440517241,-0.30613705274907943,5846.97619047619,0.0006237077505448317,0.0006479580641757847,0.0007313309649406108,0.0006027055038657528,0.0006348840762643678,0.0006469024853424077,0.000564316104223231,0.0005503484028660694,0.0005065309323854314,0.00047150309038245566,0.0004611448621022165,459250.7380952381,460154.83333333326,461058.9285714285,461963.02380952385,462867.119047619,463771.2142857143,4716.857142857143,4942.880952380952,5168.9047619047615,5394.928571428571,5620.952380952381
21,21,Gulf,0.6251266464032421,0.3748733535967578,4281,0.5591836734693877,0.44081632653061226,4926,0.333,0.667,5357,0.35670103092783506,0.6432989690721649,4872,0.4221938775510204,0.5778061224489796,5854,0.5048780487804878,0.4951219512195122,5992,0.4028925619834711,0.5971074380165289,6148,0.33400605449041376,0.6659939455095863,7277,0.3016194331983806,0.6983805668016194,7218,0.2876016260162602,0.7123983739837398,7126,0.2442827442827443,0.7557172557172557,7331,-0.2668501645152557,0.1146037896802421,0.11223708788538767,-0.07530380256499997,-0.10428338236616491,-0.11235531306597962,-0.04247458441751217,-0.09978788836652885,-0.15355407792758624,-0.23526904192261944,-0.23203699650373982,-0.2822006022492616,-0.3100981360813222,-0.33794059083737693,-0.36572818357811343,-0.3934611300834945,-0.42113964486301825,9686.892857142857,0.0013588258931717173,0.0013360575237044432,0.0012815636176600755,0.0011324262301712095,0.0011015445709696527,0.0011297696567099116,0.0010310298391573327,0.0009562763437574943,0.0008580474700676001,0.0008391436119044402,0.000771486303987072,687428.3214285714,688779.7499999999,690131.1785714285,691482.607142857,692834.0357142857,694185.4642857142,7997.607142857142,8335.464285714286,8673.321428571428,9011.17857142857,9349.035714285714
22,22,Hamilton,0.7212435233160621,0.2787564766839378,2951,0.5961342828077314,0.40386571719226855,3280,0.422,0.578,3322,0.38994974874371857,0.6100502512562814,3396,0.5363748458692972,0.4636251541307029,3725,0.5327313769751694,0.4672686230248307,3673,0.4451282051282051,0.5548717948717948,3966,0.4472361809045226,0.5527638190954773,5079,0.4262626262626263,0.5737373737373737,5596,0.4151515151515152,0.5848484848484848,5420,0.3562628336755647,0.6437371663244353,5491,-0.15487007512243528,0.2107206665930621,0.14918769722373137,0.013696197435000002,-0.0710346645502814,0.0018256552522971647,-0.014621256222830614,-0.05755224522179486,-0.040323951513477396,-0.11062584885837373,-0.10448710736848482,-0.14304780607333356,-0.15940268264547797,-0.1757252692132596,-0.1920156930280612,-0.2082740805904919,-0.22450055765634147,7938.5952380952385,0.0009366725556528236,0.0008896201132258574,0.0007947273357974188,0.0007893512885183557,0.0007009315898295109,0.0006925306991147373,0.00066510480515582,0.000667435419808206,0.0006652304852449834,0.0006382484390291982,0.000577851765815443,724892.5476190477,726322.1666666665,727751.7857142857,729181.4047619047,730611.0238095238,732040.6428571428,6151.571428571429,6508.976190476191,6866.380952380952,7223.785714285715,7581.190476190476
23,23,Hardee,0.5493697478991597,0.4506302521008404,5107,0.4994871794871795,0.5005128205128205,5332,0.279,0.721,5498,0.31702344546381245,0.6829765545361876,5436,0.4104575163398693,0.5895424836601307,6433,0.4518002322880372,0.5481997677119629,6206,0.3836734693877551,0.6163265306122448,6236,0.2980866062437059,0.7019133937562939,7249,0.350253807106599,0.649746192893401,7442,0.3441295546558705,0.6558704453441295,7244,0.29058945191313346,0.7094105480868667,7645,-0.22054345688486654,0.03884689117615969,0.0525405939031795,-0.12930380256499996,-0.14396096783018753,-0.12409167427713069,-0.09555240090996281,-0.11900698096224488,-0.18947352617429408,-0.18663466801440104,-0.17550906786412956,-0.21749908690645725,-0.23088833401009623,-0.2442511462552659,-0.25758762781886446,-0.27089788226314226,-0.2841820125406045,9477.690476190477,0.0016210053343676616,0.0014461751352805707,0.0013152952715876605,0.0012635199070629508,0.0012104947429189914,0.00117011857302098,0.0010457875857165138,0.0009525968415415801,0.0008846757096485287,0.0008530390576250022,0.0008045304588707086,588328.0952380953,589482.3333333335,590636.5714285714,591790.8095238096,592945.0476190476,594099.2857142857,8034.892857142857,8323.452380952382,8612.011904761905,8900.571428571428,9189.130952380952
24,24,Hendry,0.5590631364562119,0.4409368635437882,4254,0.4850361197110423,0.5149638802889577,5414,0.308,0.6920000000000001,6542,0.33903420523138833,0.6609657947686116,6035,0.451006711409396,0.548993288590604,8016,0.5022988505747127,0.4977011494252873,8899,0.4057084607543323,0.5942915392456677,8139,0.4074446680080483,0.5925553319919517,9775,0.46403242147923,0.53596757852077,10917,0.4701718907987866,0.5298281092012133,10215,0.4270941054808687,0.5729058945191314,11182,-0.08403880331713132,0.048540279733211844,0.0380895341270423,-0.10030380256499999,-0.12195020806261164,-0.08354247920760399,-0.0450537826232873,-0.09697198959566766,-0.08011546440995171,-0.07285605364177,-0.049466731721213464,-0.05950021454041021,-0.05514050324362074,-0.05078939947719974,-0.04644686931981212,-0.04211287905025074,-0.03778739514585894,15335.142857142857,0.0013502558630115596,0.0014684156381112171,0.0015650530496046698,0.0014027488298610944,0.0015083671474022439,0.0016778738609915726,0.0013649238550588047,0.0012845405057344385,0.0012977700513615946,0.001202898118945251,0.0011767507640408454,1321957.5714285716,1324563.0000000002,1327168.4285714286,1329773.8571428573,1332379.285714286,1334984.7142857146,12078.357142857143,12729.714285714286,13381.071428571428,14032.428571428572,14683.785714285714
25,25,Hernando,0.5711382113821138,0.4288617886178862,13732,0.4222689075630252,0.5777310924369747,22032,0.3643643643643643,0.6356356356356356,33487,0.4215291750503018,0.5784708249496981,36863,0.5171957671957672,0.4828042328042329,49086,0.563719862227325,0.4362801377726751,58066,0.5154639175257731,0.4845360824742268,65236,0.4661957618567105,0.5338042381432896,80547,0.4822335025380711,0.5177664974619289,88257,0.4574036511156187,0.5425963488843814,83928,0.35036496350364965,0.6496350364963503,94651,-0.16076794529435035,0.06061535465911383,-0.024677678020974814,-0.04393943820063567,-0.039455238243698176,-0.017353423421232805,0.01636722902932497,0.012783467175773167,-0.02136437056128948,-0.054654972582928896,-0.062234971404381334,-0.1112167968454898,-0.12675382890112985,-0.1422601856514092,-0.15773598798436694,-0.17318135607480656,-0.1885964093899446,147005.38095238095,0.004358653857751465,0.005975643394692711,0.008011148192007272,0.0085682734242203,0.009236490743186944,0.01094813165662846,0.010940185846985645,0.010584745178045198,0.010491645270955412,0.009883194647756928,0.009960707974175469,16496144.19047619,16528744.666666668,16561345.142857146,16593945.61904762,16626546.095238095,16659146.571428573,106254.78571428571,114404.90476190476,122555.02380952382,130705.14285714287,138855.2619047619
26,26,Highlands,0.4645748987854251,0.5354251012145749,15733,0.3588417786970011,0.6411582213029989,19249,0.305,0.695,23694,0.3256281407035176,0.6743718592964824,24941,0.4364779874213837,0.5635220125786163,32391,0.4774266365688488,0.5225733634311512,33714,0.4120654396728016,0.5879345603271984,35152,0.3722334004024145,0.6277665995975855,41496,0.4089068825910931,0.5910931174089069,44922,0.3842264914054601,0.6157735085945399,42541,0.3357438016528926,0.6642561983471075,46011,-0.17538910714510741,-0.04594795793757489,-0.0881048068869989,-0.10330380256499999,-0.13535627259048238,-0.0980712031956163,-0.06992599662915117,-0.09061501067719835,-0.11532673201558552,-0.12798159252990693,-0.13541213111453992,-0.15397612547178596,-0.16180544882846704,-0.1696193144784317,-0.17741778333882152,-0.18520091596736776,-0.19296877256523715,64586.19047619048,0.004993788315176508,0.005220822426672113,0.005668353249363046,0.005797176232902328,0.006095000033870521,0.006356651236034372,0.00589504894373106,0.005453022283985295,0.0053401507966717564,0.0050095436982917204,0.004842021052073274,5753220.095238095,5764563.333333334,5775906.571428573,5787249.80952381,5798593.047619048,5809936.285714286,50407.142857142855,53242.95238095238,56078.76190476191,58914.571428571435,61750.380952380954
27,27,Hillsborough,0.5465587044534413,0.4534412955465587,175145,0.4540654699049631,0.5459345300950371,205314,0.353,0.647,244208,0.3973843058350101,0.60261569416499,250716,0.4684343434343434,0.5315656565656566,310502,0.5137211855104281,0.4862788144895719,308271,0.4840698869475848,0.5159301130524152,360354,0.4657258064516129,0.5342741935483871,463222,0.5363636363636364,0.4636363636363636,514501,0.5339412360688957,0.4660587639311044,543429,0.5357142857142857,0.4642857142857143,603890,0.024581376916285702,0.03603584773044133,0.0071188843209630814,-0.055303802565000004,-0.06360010745898986,-0.06611484718265659,-0.03363144768757187,-0.01861056340241518,-0.021834325966387125,-0.0005248387573636437,0.014302613548895615,0.03888125840727241,0.052029394592878475,0.06515157195372723,0.07824789279072064,0.09131845880118306,0.10436337108365734,912276.1547619046,0.055592516014847104,0.05568642192891881,0.058422267676223966,0.05827532321913075,0.0584270229544276,0.05812336813144545,0.06043196594985385,0.0608723705521553,0.061161856663514876,0.06399312010575611,0.06355106590025275,104995281.70238094,105202825.08333331,105410368.4642857,105617911.84523807,105825455.22619046,106032998.60714284,652846.9285714286,704732.7738095238,756618.6190476189,808504.4642857143,860390.3095238095
28,28,Holmes,0.6379310344827587,0.36206896551724144,5180,0.4620123203285421,0.5379876796714579,6146,0.213,0.787,5779,0.27967806841046283,0.7203219315895373,5900,0.3701799485861183,0.6298200514138818,6528,0.4156479217603912,0.5843520782396088,6804,0.30246913580246915,0.6975308641975311,7396,0.2199798183652876,0.7800201816347124,8300,0.17073170731707318,0.8292682926829268,8616,0.15400202634245186,0.8459979736575481,8290,0.10256410256410256,0.8974358974358975,8556,-0.40856880623389746,0.12740817775975866,0.015065734744542092,-0.195303802565,-0.18130634488353714,-0.1643692420308817,-0.13170471143760876,-0.20021131454753083,-0.26758031405271243,-0.3661567678039268,-0.3656365961775482,-0.44042791645173907,-0.4801052919888775,-0.5197043310969036,-0.5592253424911462,-0.5986686330655004,-0.6380345079069514,11364.809523809523,0.0016441761566525336,0.001666952809721378,0.0013825193478546908,0.0013713700242221135,0.001228370850579073,0.0012828692830864886,0.0012403215176329913,0.0010907095854317994,0.0010242362153092882,0.0009762139408767623,0.000900400602498075,817155.9047619047,818762.6666666665,820369.4285714286,821976.1904761904,823582.9523809523,825189.7142857143,9356.357142857143,9758.047619047618,10159.738095238095,10561.428571428572,10963.119047619048
29,29,Indian River,0.4643584521384929,0.5356415478615071,18654,0.3326271186440677,0.6673728813559322,24717,0.269,0.731,32452,0.2980866062437059,0.7019133937562939,35333,0.3924581005586593,0.6075418994413408,43962,0.4184476940382452,0.5815523059617548,43972,0.40820512820512816,0.5917948717948718,49627,0.3935418768920283,0.6064581231079718,61414,0.425531914893617,0.5744680851063829,70802,0.3874873864783048,0.6125126135216953,71580,0.3742203742203742,0.6257796257796258,80769,-0.1369125345776258,-0.0461644045845071,-0.11431946693993233,-0.13930380256499997,-0.16289780705029405,-0.1420910900583407,-0.12890493915975476,-0.09447532214487181,-0.0940182555259717,-0.111356560227383,-0.13215123604169526,-0.11007410677550666,-0.10670168698549531,-0.10333592548173165,-0.09997679602463272,-0.09662427252943395,-0.09327832906494926,119205.95238095238,0.005920938615095822,0.006703884249574243,0.007763543498283514,0.008212646960311855,0.008272309946868445,0.008290759570235019,0.008322530551050903,0.008070462467434763,0.00841666347682547,0.008429118683710334,0.008499819572600166,13215973.976190476,13242089.166666664,13268204.357142858,13294319.547619047,13320434.73809524,13346549.92857143,86561.96428571429,93090.76190476191,99619.55952380953,106148.35714285714,112677.15476190476
30,30,Jackson,0.6160081053698075,0.3839918946301925,12652,0.5437881873727088,0.4562118126272913,14181,0.353,0.647,14051,0.3736153071500503,0.6263846928499496,13513,0.4495192307692309,0.5504807692307693,14676,0.4815229563269877,0.5184770436730123,15513,0.4287169042769857,0.5712830957230143,16303,0.3836858006042296,0.6163141993957704,19807,0.35858585858585856,0.6414141414141414,21613,0.35353535353535354,0.6464646464646465,20967,0.3094262295081967,0.6905737704918032,21159,-0.2017066792898033,0.10548524864680753,0.09684160178870882,-0.055303802565000004,-0.08736910614394966,-0.08502995984776912,-0.06582967687101227,-0.07396354607301425,-0.10387433181377043,-0.17830261653514146,-0.1661032689846465,-0.20419428608698809,-0.22272033208346897,-0.24120980145991666,-0.2596628383608106,-0.2780795860801675,-0.29646018706829125,30020.29761904762,0.004015852651345146,0.0038462508614804532,0.003361443044939654,0.0031409022266632915,0.0027615763791511145,0.002924919339876645,0.0027340402517537408,0.002602853585379235,0.002569268491350934,0.002469032291720517,0.002226691952811684,2580052.2738095243,2585137.083333333,2590221.8928571427,2595306.7023809524,2600391.5119047617,2605476.3214285714,23664.285714285717,24935.488095238095,26206.690476190477,27477.89285714286,28749.09523809524
31,31,Jefferson,0.6292134831460674,0.37078651685393255,3749,0.5933609958506224,0.4066390041493776,4141,0.478,0.522,4302,0.4688755020080322,0.5311244979919679,4398,0.6009913258983891,0.39900867410161095,4678,0.5787746170678336,0.4212253829321663,4809,0.5511247443762781,0.4488752556237219,5643,0.556338028169014,0.4436619718309859,7478,0.5182186234817814,0.4817813765182186,7978,0.5085771947527751,0.4914228052472251,7820,0.4742798353909465,0.5257201646090535,7689,-0.036853073407053516,0.11869062642306738,0.14641441026662239,0.069696197435,0.007891088714032213,0.06644213528138909,0.031421983869833636,0.048444294026278145,0.068777895751014,-0.018669851639218638,-0.011061427767224963,-0.0247210535418958,-0.03449384927287724,-0.04424735023170712,-0.053981632457002604,-0.06369677153871578,-0.07339284262175738,11976.45238095238,0.0011899645581641598,0.001123145392947645,0.0010291742921735383,0.0010222517570387894,0.0008802571750932758,0.0009067193389716233,0.0009463404981074867,0.0009826899132360236,0.0009483932829314649,0.0009208676740236774,0.0008091608500008997,1208149.4761904762,1210534.6666666665,1212919.857142857,1215305.0476190476,1217690.2380952379,1220075.4285714284,8994.964285714286,9591.261904761905,10187.559523809523,10783.857142857143,11380.154761904761
32,32,Lafayette,0.6828282828282828,0.3171717171717172,1665,0.5651731160896131,0.434826883910387,1863,0.363,0.637,2375,0.3319919517102615,0.6680080482897385,2185,0.4549071618037134,0.5450928381962864,2525,0.4155995343422584,0.5844004656577415,2322,0.3207739307535641,0.6792260692464358,2505,0.25553319919517103,0.7444668008048292,3325,0.19328585961342828,0.8067141403865717,3377,0.2050761421319797,0.7949238578680202,3406,0.15573770491803274,0.8442622950819672,3411,-0.35539520387996726,0.17230542610528277,0.11822653050561305,-0.045303802564999995,-0.12899246158373845,-0.07964202881328664,-0.1317530988557416,-0.1819065195964359,-0.23202693322282897,-0.34360261550757176,-0.31456248038802037,-0.40490003534310404,-0.44549987624708365,-0.4860195594663139,-0.5264594008935433,-0.5668197145576528,-0.607100812638663,4801.452380952381,0.0005284851932097429,0.000505293375286516,0.0005681750218298824,0.0005078717801568336,0.0004751281246495342,0.00043780459660888103,0.00042009267194032505,0.00043694088813984734,0.0004014444868964097,0.000401083797662998,0.00035896054875186233,410108.97619047615,410917.16666666674,411725.35714285716,412533.5476190476,413341.7380952381,414149.9285714286,3791.2142857142853,3993.2619047619046,4195.309523809523,4397.357142857143,4599.4047619047615
33,33,Lake,0.4184397163120567,0.5815602836879433,34787,0.3288241415192508,0.6711758584807492,41528,0.257,0.743,47543,0.3097880928355197,0.6902119071644803,54572,0.4289405684754522,0.5710594315245477,69787,0.4583808437856329,0.5416191562143672,73923,0.4227226202661208,0.5772773797338793,88611,0.3933265925176946,0.6066734074823054,123950,0.43174924165824063,0.5682507583417593,147371,0.41354903943377147,0.5864509605662285,151144,0.3808532778355879,0.6191467221644121,171799,-0.13027963096241207,-0.09208314041094334,-0.1181224440647492,-0.15130380256499998,-0.15119632045848025,-0.10560862214154781,-0.08897178941236711,-0.07995783008387919,-0.09423353990030542,-0.10513923346275938,-0.10608958308622857,-0.10326944567640695,-0.1022947920573345,-0.10132206273096367,-0.10035125011386592,-0.09938234666735557,-0.09841534489713366,277871.3095238095,0.011041690340052448,0.01126345855550104,0.01137378739488762,0.012684475417262574,0.01313178868709586,0.013937910936743458,0.014860212276768118,0.016288367845092955,0.017518885246790288,0.017798417355835632,0.018079467403993316,35694684.904761896,35765306.666666664,35835928.42857143,35906550.190476194,35977171.952380955,36047793.71428572,189594.10714285716,207249.54761904763,224904.9880952381,242560.42857142858,260215.86904761905
34,34,Lee,0.4455747711088505,0.5544252288911495,69789,0.31528662420382164,0.6847133757961783,94613,0.261,0.7390000000000001,115076,0.31822759315206445,0.6817724068479355,128936,0.42222222222222217,0.5777777777777778,166002,0.4484711211778029,0.551528878822197,165951,0.4092307692307692,0.5907692307692308,184400,0.3943377148634985,0.6056622851365014,240667,0.44747474747474747,0.5525252525252525,269977,0.4167507568113017,0.5832492431886983,266598,0.39479166666666665,0.6052083333333333,329554,-0.11634124213133334,-0.0649480856141495,-0.13165996138017838,-0.14730380256499997,-0.14275682014193553,-0.11232696839477785,-0.09888151202019707,-0.0934496811192308,-0.0932224175545015,-0.08941372764625255,-0.10288786570869835,-0.09218176129828848,-0.08909601045094284,-0.08601635190933266,-0.08294276166434322,-0.0798752158485172,-0.07681369073492128,476375.9166666666,0.02215162351286171,0.025661471881901845,0.02752981423667181,0.029969316176797024,0.031236522355672067,0.031289453321206036,0.03092418710810217,0.031626241421339144,0.03209380463098371,0.0313940511712742,0.03468099814815925,54821089.08333333,54929453.41666666,55037817.75,55146182.08333333,55254546.41666666,55362910.75,340920.5,368011.5833333333,395102.6666666666,422193.75,449284.8333333333
35,35,Leon,0.5478615071283096,0.4521384928716904,53443,0.5327604726100967,0.4672395273899034,57326,0.4494494494494494,0.5505505505505505,66046,0.4813319878910192,0.5186680121089808,70158,0.5987804878048779,0.4012195121951219,97294,0.5960698689956332,0.4039301310043668,91717,0.6112820512820513,0.3887179487179487,103154,0.6193353474320242,0.3806646525679758,136379,0.6222222222222222,0.37777777777777777,148935,0.6196754563894524,0.3803245436105477,148671,0.630801687763713,0.3691983122362869,153881,0.11966877896571304,0.03733865040530959,0.08581388702609671,0.04114564688444944,0.020347574597019247,0.0642312971878779,0.04871723579763321,0.10860160093205129,0.13177521501402423,0.08533374710122221,0.10003683386945239,0.13867149502517861,0.150555196018189,0.16241543460502328,0.17425230324848684,0.18606589386582328,0.19785629783309133,237277.64285714284,0.01696326377219717,0.01554828128377607,0.01580028947022165,0.016307216637182213,0.018307768617683875,0.01729290447337499,0.01729909759733824,0.01792167259657872,0.017704807419578555,0.017507201785776742,0.016193845852385026,25260336.57142857,25310233.0,25360129.42857143,25410025.85714286,25459922.285714284,25509818.714285716,174907.10714285716,187381.2142857143,199855.32142857142,212329.42857142858,224803.53571428574
36,36,Levy,0.6718106995884774,0.3281893004115227,6166,0.5648148148148149,0.4351851851851852,7596,0.358,0.642,8664,0.3953488372093023,0.6046511627906976,8791,0.5329744279946164,0.4670255720053835,10936,0.5341317365269461,0.4658682634730539,11065,0.4402907580477674,0.5597092419522326,12730,0.3686868686868687,0.6313131313131313,16652,0.3631739572736521,0.6368260427263479,18789,0.3370558375634518,0.6629441624365482,18457,0.2706611570247934,0.7293388429752066,19499,-0.24047175177320662,0.16128784286547737,0.11786822923081486,-0.050303802565,-0.06563557608469767,-0.001574762622383652,-0.013220896671053861,-0.06238969230223257,-0.11887326373113133,-0.17371451784734793,-0.18258278495654823,-0.24960908066498178,-0.28102255548098753,-0.3123740095758478,-0.3436636873665009,-0.3748918318277674,-0.4060586845038898,30409.19047619048,0.0019571409617605254,0.002060229993921833,0.002072702479635411,0.0020433413360909486,0.0020578222460068537,0.0020862652288877125,0.0021348422011178998,0.0021882525321217264,0.002233562470919941,0.002173459675122124,0.0020519999238090185,3365503.595238096,3372153.833333333,3378804.071428572,3385454.3095238092,3392104.547619048,3398754.7857142864,22096.392857142855,23758.95238095238,25421.51190476191,27084.071428571428,28746.630952380954
37,37,Liberty,0.647118301314459,0.3528816986855409,1776,0.5535168195718655,0.44648318042813456,2052,0.316,0.684,2060,0.3329928498467824,0.6670071501532175,2177,0.4211920529801325,0.5788079470198676,2576,0.4872417982989064,0.5127582017010935,2164,0.4359504132231405,0.5640495867768595,2410,0.35685483870967744,0.6431451612903226,3021,0.2764227642276422,0.7235772357723577,3286,0.2900608519269777,0.7099391480730224,3289,0.20414507772020726,0.7958549222797927,3312,-0.3069878310777927,0.136595444591459,0.10657023398786547,-0.09230380256499998,-0.12799156344721757,-0.1133571376368675,-0.06011083489909358,-0.06673003712685949,-0.13070529370832257,-0.2604657108933578,-0.2295777705930223,-0.2952738609723582,-0.3246965621407014,-0.35406117304189877,-0.3833679226033695,-0.41261703840184794,-0.44180874667414116,4530.880952380952,0.0005637175394237258,0.0005565550220547132,0.0004928170715661295,0.0005060122953782273,0.0004847247719196832,0.0004080142752203352,0.0004041610137230273,0.0003969920069384899,0.0003906267645666575,0.0003873061099570172,0.00034854216870893227,374375.1904761905,375112.66666666657,375850.1428571429,376587.61904761905,377325.0952380952,378062.5714285714,3609.0357142857147,3793.404761904762,3977.7738095238096,4162.142857142857,4346.511904761905
38,38,Madison,0.646403242147923,0.35359675785207706,5040,0.5788402848423194,0.4211597151576806,5509,0.4270000000000001,0.573,4920,0.432296890672016,0.567703109327984,4529,0.568922305764411,0.43107769423558895,5838,0.5599104143337066,0.44008958566629336,5587,0.4979633401221996,0.5020366598778004,6163,0.4914400805639476,0.5085599194360524,8304,0.4843276036400404,0.5156723963599595,8907,0.4828629032258065,0.5171370967741936,8727,0.42099898063200814,0.5790010193679919,8540,-0.09013392816599186,0.13588038542492298,0.1318936992583194,0.018696197435000117,-0.028687522621983985,0.03437311514741104,0.012557781135706603,-0.0047171102278003585,0.0038799481459476093,-0.052560871480959614,-0.03677571929419354,-0.0721142848403602,-0.0835617407271414,-0.09498659550171595,-0.10638893823260531,-0.11776885746282062,-0.12912644121404782,13251.97619047619,0.001599738963229492,0.0014941820743174538,0.0011770194136433774,0.0010527008202884664,0.0010985338581005863,0.0010534083898595251,0.0010335453641390113,0.0010912352286055016,0.0010588291515505838,0.0010276741932486741,0.0008987168239052783,1317701.2380952379,1320302.3333333335,1322903.4285714286,1325504.5238095238,1328105.6190476192,1330706.7142857143,10000.607142857141,10650.880952380952,11301.154761904761,11951.42857142857,12601.70238095238
39,39,Manatee,0.4539007092198582,0.5460992907801419,54360,0.3487881981032666,0.6512118018967333,65576,0.272,0.728,76688,0.3423694779116466,0.6576305220883535,78113,0.4424083769633507,0.5575916230366492,100220,0.4864864864864865,0.5135135135135135,96878,0.4588477366255144,0.5411522633744856,110344,0.4300100704934541,0.5699899295065458,143621,0.4645748987854251,0.5354251012145749,152467,0.4368048533872599,0.5631951466127402,153866,0.4112734864300626,0.5887265135699373,180757,-0.09985942236793738,-0.05662214750314182,-0.09815838748073341,-0.13630380256499997,-0.11861493538235335,-0.09214081365364929,-0.06086614671151347,-0.04383271372448555,-0.057550061924545926,-0.07231357633557489,-0.08283376913274015,-0.07148771392780784,-0.0699394119530794,-0.06839416684504851,-0.06685196655693648,-0.06531279911303844,-0.06377665260816556,261252.64285714284,0.017254327389118092,0.017785892849054522,0.0183461920311958,0.0181562418139088,0.018858352733614383,0.018265992123288187,0.01850487257188951,0.018873349562566318,0.01812467769725641,0.01811895467152521,0.01902217294363541,28602737.07142857,28659250.5,28715763.92857143,28772277.35714286,28828790.785714284,28885304.214285716,190610.85714285716,204739.21428571426,218867.57142857142,232995.92857142858,247124.28571428574
40,40,Marion,0.5121951219512195,0.4878048780487805,33679,0.3931535269709543,0.6068464730290456,40592,0.3,0.7,54046,0.3326633165829146,0.6673366834170855,62520,0.4651773981603154,0.5348226018396847,86989,0.4724137931034483,0.5275862068965517,90171,0.4474226804123711,0.5525773195876289,102971,0.4133064516129032,0.5866935483870968,139677,0.441742654508612,0.5582573454913881,162542,0.4180161943319838,0.5819838056680162,161738,0.365424430641822,0.634575569358178,175900,-0.145708478156178,0.001672265228219505,-0.05379305861304573,-0.108303802565,-0.12832109671108538,-0.06937179245668462,-0.0749388400945517,-0.055257769937628876,-0.07425368080509681,-0.09514582061238802,-0.10162242818801626,-0.11233757826286705,-0.11658930948819801,-0.1208326463719871,-0.1250676219954201,-0.12929426924450382,-0.13351262081161153,283547.1666666666,0.01069000169496152,0.01100959135245854,0.012929510412554874,0.014531873544807887,0.016368681360450825,0.017001411834978213,0.01726840819256176,0.01835506539329608,0.019322354098050408,0.019045945762307098,0.01851104090455953,34223729.83333333,34291407.166666664,34359084.5,34426761.83333333,34494439.166666664,34562116.5,198950.5,215869.8333333333,232789.16666666666,249708.5,266627.8333333333
41,41,Martin,0.4290060851926978,0.5709939148073022,20756,0.2824025289778715,0.7175974710221286,30154,0.237,0.763,37887,0.2688821752265861,0.7311178247734139,43083,0.3736559139784946,0.6263440860215054,53184,0.4225663716814159,0.5774336283185839,54656,0.43909928352098265,0.5609007164790174,62016,0.4220647773279352,0.5779352226720648,72453,0.43174924165824063,0.5682507583417593,78522,0.384460141271443,0.6155398587285571,79037,0.36174636174636177,0.6382536382536383,86633,-0.14938654705163823,-0.08151677153030223,-0.16454405660612853,-0.171303802565,-0.1921022380674139,-0.1608932766385054,-0.12478626151658406,-0.06358116682901732,-0.06549535509006482,-0.10513923346275938,-0.13517848124855703,-0.09855108421733405,-0.09280724825578801,-0.08707475255030772,-0.08135355241018516,-0.0756436034083734,-0.06994486137942246,124572.10714285714,0.0065881313334903435,0.008178538077503813,0.009063767179818423,0.010014022839586663,0.010007609576776565,0.010305188644381996,0.010400186484251976,0.009521106216059056,0.009334386733811042,0.009307240198441095,0.009116924426860185,12450725.678571427,12475304.249999998,12499882.82142857,12524461.392857142,12549039.964285713,12573618.535714285,93848.89285714286,99993.53571428571,106138.17857142857,112282.82142857143,118427.46428571429
42,42,Miami-Dade,0.5892494929006086,0.4107505070993915,521942,0.4422442244224423,0.5577557755775577,524905,0.408,0.5920000000000001,548312,0.4447791164658633,0.5552208835341366,490265,0.5194660734149055,0.4805339265850945,544843,0.6018907563025211,0.398109243697479,553782,0.5318503538928211,0.4681496461071789,625552,0.5316582914572864,0.4683417085427136,774726,0.5809045226130652,0.4190954773869347,864636,0.6190954773869347,0.3809045226130653,879179,0.6515463917525773,0.34845360824742266,987191,0.14041348295457734,0.07872663617760856,-0.0047023611615577,-0.0003038025650000109,-0.01620529682813665,-0.015083117202094543,0.05453812310452111,0.02916990354282112,0.04409815903928638,0.044016047492065224,0.09945685486693467,0.13574650870337734,0.15521607726749664,0.17464720638200504,0.19404004753258164,0.21339475131114227,0.2327114674229449,1419819.738095238,0.1656688400686364,0.1423676968087862,0.13117355055561536,0.1139550381229245,0.102522864482545,0.1044135680961496,0.10490611222260048,0.10180735834737786,0.10278452927810604,0.10353037350133792,0.10388819205010252,150243479.11904758,150540236.16666666,150836993.21428573,151133750.26190478,151430507.30952382,151727264.35714287,1048873.4285714286,1123062.6904761905,1197251.9523809524,1271441.2142857143,1345630.4761904762
43,43,Monroe,0.5736196319018404,0.4263803680981595,19757,0.4046822742474917,0.5953177257525084,21806,0.32232232232232233,0.6776776776776776,24115,0.3896761133603239,0.6103238866396761,26405,0.5134370579915135,0.4865629420084866,28789,0.5583333333333333,0.4416666666666667,32544,0.50625,0.49375,33895,0.5025278058645096,0.4974721941354904,39535,0.5243407707910751,0.475659229208925,40403,0.502532928064843,0.497467071935157,39154,0.4637223974763408,0.5362776025236593,42977,-0.04741051132165919,0.06309677517884038,-0.04226431133650832,-0.08598148024267765,-0.0713082999336761,-0.0211121326254865,0.010980700135333366,0.0035695496500000035,0.014967673446509622,-0.012547704329924914,-0.017105694455157083,-0.01055234726346832,-0.00901955595751236,-0.007489790894998016,-0.0059630401498287355,-0.004439291866273898,-0.002918534258405714,57747.71428571429,0.006271040217564499,0.005914346399086295,0.005769069747969522,0.006137461947387272,0.005417213299221957,0.006136052020688813,0.005684247950266394,0.005195325718077854,0.004802949838340433,0.004610697302905762,0.004522734536414185,4763393.857142857,4772777.0,4782160.142857143,4791543.285714285,4800926.428571429,4810309.571428572,46018.78571428571,48364.57142857143,50710.357142857145,53056.142857142855,55401.92857142857
44,44,Nassau,0.6528340080971661,0.3471659919028339,9140,0.4826175869120654,0.5173824130879345,10751,0.302,0.698,11524,0.33065326633165826,0.6693467336683416,12575,0.3704156479217604,0.6295843520782396,18174,0.3747276688453159,0.6252723311546841,21167,0.2973523421588595,0.7026476578411405,23787,0.2651821862348178,0.7348178137651822,32743,0.2795156407669021,0.7204843592330978,38392,0.25480283114256824,0.7451971688574317,40625,0.240625,0.759375,46992,-0.270507908798,0.14231115137416606,0.03567100132806539,-0.106303802565,-0.13033114696234172,-0.1641335426952396,-0.1726249643526841,-0.2053281081911405,-0.22237794618318218,-0.2573728343540979,-0.2648357913774318,-0.304721034496481,-0.32542373513636846,-0.3460855617108791,-0.36670667530026435,-0.387287236034382,-0.4078274031002991,76106.25,0.002901113913475706,0.002915946901613169,0.002756904821712659,0.0029228776363717087,0.0034197934801507464,0.0039909603343756175,0.003989119515945913,0.004302783609131736,0.004563890062459865,0.004783919342354461,0.004945257727044125,9958163.75,9977868.75,9997573.75,10017278.75,10036983.75,10056688.75,51475.0,56401.25,61327.5,66253.75,71180.0
45,45,Okaloosa,0.4330628803245437,0.5669371196754565,33295,0.2787564766839378,0.7212435233160621,40323,0.165,0.835,44357,0.1943605236656596,0.8056394763343404,50462,0.26859504132231404,0.7314049586776861,61769,0.2880794701986755,0.7119205298013246,63044,0.2456499488229273,0.7543500511770727,70819,0.217741935483871,0.7822580645161291,89756,0.2732793522267207,0.7267206477732794,95781,0.25,0.7499999999999999,95075,0.2486659551760939,0.7513340448239061,102096,-0.2624669536219061,-0.07745997639845631,-0.1681901089000622,-0.24330380256499998,-0.2666238896283404,-0.26595414929468597,-0.25927316299932446,-0.2570305015270727,-0.269818196934129,-0.26360912289427935,-0.26963862252000004,-0.2651052120938845,-0.265282562579781,-0.26545956291641526,-0.26563621448368757,-0.26581251865335653,-0.2659884767891041,151559.79761904763,0.010568116821572607,0.010936631654148245,0.010611595555077092,0.011729165112253607,0.01162304520058498,0.011886715326705552,0.011876464245166418,0.011794907174700794,0.011386068818307676,0.011195843236291702,0.010744191200636216,15557544.273809524,15588264.083333336,15618983.892857142,15649703.702380953,15680423.51190476,15711143.32142857,113160.03571428571,120839.98809523809,128519.94047619047,136199.89285714284,143879.84523809524
46,46,Okeechobee,0.6659939455095863,0.33400605449041376,4825,0.5371900826446281,0.4628099173553719,6210,0.333,0.667,6675,0.3883299798792757,0.6116700201207242,7791,0.509065550906555,0.4909344490934449,9370,0.5850422195416164,0.4149577804583836,9941,0.4759959141981614,0.5240040858018385,9854,0.4251256281407035,0.5748743718592965,12190,0.40324214792299895,0.5967578520770009,12839,0.3985801217038539,0.6014198782961461,12367,0.2975206611570248,0.7024793388429752,13761,-0.2136122476409752,0.15547108878658633,0.09024349706062806,-0.07530380256499997,-0.07265443341472427,-0.025483639710444983,0.03768958634361641,-0.026684536151838578,-0.06243450427729652,-0.13364632719800107,-0.12105850081614616,-0.18463723771542107,-0.2083465248484231,-0.23200900190725804,-0.25562485336534735,-0.2791942626077031,-0.30271741193959656,18682.54761904762,0.0015314961304726785,0.0016843112509550536,0.0015968708508271431,0.0018109057387651676,0.0017631487239469844,0.0018743391450856527,0.0016525322112973904,0.0016018975718570644,0.0015262498570515265,0.0014563133663236336,0.0014481548259672756,1637930.5238095238,1641159.3333333337,1644388.1428571432,1647616.9523809524,1650845.761904762,1654074.5714285716,14646.535714285714,15453.738095238095,16260.940476190477,17068.14285714286,17875.345238095237
47,47,Orange,0.4534412955465587,0.5465587044534413,130437,0.3581932773109244,0.6418067226890756,143219,0.2852852852852853,0.7147147147147147,170985,0.3155241935483871,0.6844758064516129,172770,0.4319306930693069,0.568069306930693,237011,0.4989082969432315,0.5010917030567685,231126,0.5107033639143731,0.489296636085627,280155,0.5010060362173038,0.4989939637826962,388044,0.594159113796576,0.405840886203424,463039,0.591919191919192,0.408080808080808,467303,0.6281512605042018,0.3718487394957983,551902,0.11701835170620178,-0.05708156117644131,-0.08875330827307565,-0.12301851727971469,-0.14546021974561285,-0.10261849754769309,-0.04844433625476846,0.008022913564373124,0.013445903799303771,0.057270638675576024,0.07228056939919192,0.15849648341600187,0.19427113971244125,0.22997516485472147,0.2656088371925591,0.3011724334333792,0.33666622865536056,870176.0595238095,0.04140181570372327,0.03884466554758966,0.04090501309792945,0.04015789814997535,0.04459825423814287,0.043577960893981145,0.04698246008281108,0.050993169924011705,0.055044256371935635,0.055028673487760416,0.05808004830760782,110937772.15476193,111157248.91666669,111376725.67857143,111596202.4404762,111815679.20238096,112035155.96428572,595830.1071428572,650699.2976190476,705568.488095238,760437.6785714285,815306.869047619
48,48,Osceola,0.4939024390243902,0.5060975609756097,14175,0.378125,0.6218750000000001,18205,0.265,0.735,24980,0.3148893360160966,0.6851106639839034,31381,0.4397350993377484,0.5602649006622517,45267,0.5439814814814814,0.4560185185185185,46491,0.5179119754350051,0.4820880245649949,55690,0.4723618090452261,0.5276381909547738,82204,0.5993945509586277,0.4006054490413724,100925,0.6232323232323232,0.3767676767676768,108922,0.6291666666666667,0.37083333333333335,141468,0.11803375786866666,-0.016620417698609835,-0.06882158558400003,-0.14330380256499997,-0.14609507727790338,-0.09481409127925161,-0.0033711517165185834,0.015231525085005138,-0.015198323372773881,0.06250607583762768,0.10359370071232321,0.1656403696866846,0.20110541921681602,0.23650044886025512,0.2718257345577797,0.30708155062205833,0.34226816975069596,221158.38095238095,0.0044992658340829465,0.004937662854047785,0.005976005071709669,0.007294061479680364,0.008517871215251669,0.008765707795410629,0.009339305748645391,0.01080249286275128,0.01199756732011257,0.012826438464195265,0.014887549372860878,30757732.19047619,30818622.666666664,30879513.14285714,30940403.61904762,31001294.09523809,31062184.57142857,145045.2857142857,160267.90476190476,175490.52380952382,190713.14285714287,205935.76190476192
49,49,Palm Beach,0.4959266802443992,0.5040733197556008,198657,0.3905579399141631,0.6094420600858369,252930,0.383,0.617,302931,0.4427710843373495,0.5572289156626506,327217,0.5728395061728395,0.4271604938271605,405251,0.6328976034858387,0.3671023965141612,397354,0.6383196721311476,0.3616803278688525,433222,0.6070351758793969,0.39296482412060296,544622,0.6153071500503524,0.3846928499496475,591436,0.5856854838709677,0.41431451612903225,601439,0.5787847579814624,0.4212152420185376,666212,0.06765184918346245,-0.014596176478600842,-0.05638864566983692,-0.025303802564999978,-0.018213328956650454,0.038290315555839505,0.0855449702878387,0.13563922178114762,0.11947504346139692,0.0784186749293524,0.06604686135096771,0.10924542680762883,0.11755431034688257,0.12584678936699234,0.13412292851638696,0.14238279206206528,0.15062644389261948,953602.869047619,0.06305542524172246,0.0686011022067732,0.07247066422650447,0.0760568788501504,0.0762559000563756,0.07491964155078609,0.07265205090751756,0.07156920913699248,0.07030758707493781,0.07082426253160183,0.07010959399152028,97612975.55952379,97805716.08333331,97998456.60714288,98191197.1309524,98383937.65476193,98576678.17857143,712677.2142857143,760862.3452380951,809047.4761904762,857232.6071428572,905417.7380952381
50,50,Pasco,0.5435222672064777,0.4564777327935222,62747,0.4044117647058824,0.5955882352941176,88442,0.381,0.619,107588,0.44120603015075377,0.5587939698492462,114803,0.5269541778975741,0.4730458221024258,135962,0.5790697674418605,0.4209302325581396,133471,0.503099173553719,0.496900826446281,142769,0.450761421319797,0.5492385786802031,190916,0.4817444219066938,0.5182555780933064,215589,0.4664634146341463,0.5335365853658536,214248,0.3884816753926701,0.6115183246073298,243265,-0.1226512334053299,0.032999410483477654,-0.04253482087811761,-0.02730380256499998,-0.019778383143246203,-0.007595012719425864,0.03171713424386047,0.00041872320371905136,-0.036798711098202985,-0.05514405321430621,-0.053175207885853726,-0.09930819540660707,-0.11397336616446552,-0.12860958296318614,-0.14321695990718553,-0.157795610427641,-0.1723456472878624,353152.4880952381,0.01991643268368273,0.023987738431073564,0.02573844810468774,0.026684303879791742,0.025583908943999988,0.025165468266142958,0.0239425990739514,0.0250884230376262,0.025628372959878614,0.02522941910795713,0.025600274961044202,38208402.36904762,38283886.41666667,38359370.46428572,38434854.51190476,38510338.55952381,38585822.60714286,258797.42857142858,277668.4404761905,296539.45238095237,315410.46428571426,334281.4761904762
51,51,Pinellas,0.4858299595141701,0.5141700404858299,295569,0.4270500532481363,0.5729499467518636,345003,0.348,0.652,369249,0.4190954773869347,0.5809045226130652,365370,0.5026455026455027,0.4973544973544974,422851,0.5486033519553073,0.4513966480446927,376272,0.5201654601861427,0.4798345398138573,398526,0.4994954591321897,0.5005045408678104,455357,0.5415821501014199,0.4584178498985802,465152,0.528397565922921,0.4716024340770792,459112,0.4942166140904312,0.505783385909569,497485,-0.01691629470756878,-0.024692897208829945,-0.019896532335863748,-0.06030380256500001,-0.04188893590706527,-0.03190368797149734,0.001250718757307312,0.017485009836142762,0.011935326714189676,0.0046936749804198374,0.008758943402920938,0.014685263410459726,0.019212567593605456,0.02373093336188603,0.028240395940621,0.03274099034730682,0.037232751393244,591694.4285714286,0.09381612016324956,0.09357366095221356,0.0883360246886999,0.08492499419492096,0.07956768421234857,0.07094470765513215,0.06683347392322952,0.0598388246618636,0.0552954415069111,0.05406411759032717,0.052353412077343946,34731450.21428571,34799525.49999999,34867600.78571428,34935676.07142857,35003751.35714285,35071826.64285713,506600.3214285714,523619.14285714284,540637.9642857143,557656.7857142857,574675.6071428572
52,52,Polk,0.5167173252279635,0.4832826747720365,92706,0.4210526315789473,0.5789473684210527,106315,0.297,0.703,119784,0.3319919517102615,0.6680080482897385,116040,0.4385093167701863,0.5614906832298137,145900,0.4949832775919733,0.5050167224080268,150173,0.4541751527494908,0.5458248472505092,168629,0.4104627766599597,0.5895372233400402,210830,0.4686234817813765,0.5313765182186235,245704,0.4660587639311044,0.5339412360688957,249442,0.42693110647181626,0.5730688935281837,286969,-0.08420180232618374,0.006194468504963524,-0.025893954005052733,-0.111303802565,-0.12899246158373845,-0.09603987384681373,-0.05236935560602668,-0.0485052976005092,-0.07709735575804028,-0.06826499333962349,-0.053579858588895635,-0.05205843124315024,-0.04674424597670068,-0.041440552691934585,-0.03614731004109828,-0.030864476920381634,-0.02559201246799958,427765.2380952381,0.029425674667689142,0.028835354371221655,0.028656116553629738,0.026971826713683738,0.02745393797479883,0.028314569201785312,0.028279364142365294,0.02770533757790196,0.029208325794609257,0.029373794673122008,0.030199516187268592,49216718.11904762,49314004.16666667,49411290.21428572,49508576.26190476,49605862.30952381,49703148.35714286,306157.6785714286,330479.1904761905,354800.70238095237,379122.21428571426,403443.72619047615
53,53,Putnam,0.6558704453441295,0.3441295546558705,14809,0.5180598555211559,0.4819401444788442,17727,0.406,0.594,19262,0.4245472837022133,0.5754527162977867,20307,0.5458115183246073,0.4541884816753927,25661,0.5508083140877599,0.4491916859122402,25152,0.473305954825462,0.5266940451745379,26239,0.4042338709677419,0.5957661290322579,30973,0.402834008097166,0.5971659919028339,33279,0.37626774847870187,0.6237322515212982,31424,0.3130165289256199,0.6869834710743802,33301,-0.19811637987238012,0.1453475886211295,0.07111326993715583,-0.002303802564999957,-0.03643712959178669,0.011262327707607267,0.0034556808897598934,-0.02937449552453797,-0.08332626145025812,-0.134054467023834,-0.14337087404129817,-0.20277523321675517,-0.2307071741756772,-0.2585839681274251,-0.2864058324003764,-0.31417298304060637,-0.3418856348221908,45130.52380952381,0.004700502838584434,0.004808016996083773,0.00460807885073145,0.0047200696748946535,0.004828618933319484,0.004742317490915839,0.00440032399961764,0.004070186504768569,0.003956076718811258,0.003700427850194377,0.0035044694324203357,3600717.7619047617,3607807.666666666,3614897.5714285714,3621987.476190476,3629077.380952381,3636167.285714285,36268.142857142855,38040.61904761905,39813.09523809524,41585.57142857143,43358.04761904762
54,54,Santa Rosa,0.5270684371807968,0.4729315628192032,14371,0.3800623052959501,0.6199376947040498,18826,0.287,0.713,23154,0.29476861167002016,0.7052313883299799,27415,0.3780788177339901,0.6219211822660098,39986,0.3792723263506064,0.6207276736493936,48549,0.330246913580247,0.6697530864197531,60771,0.30846774193548393,0.6915322580645161,86290,0.34040404040404043,0.6595959595959595,106081,0.3094034378159757,0.6905965621840242,115035,0.3274058577405858,0.6725941422594143,137846,-0.18372705105741421,0.01654558045779675,-0.06688428028804994,-0.12130380256500001,-0.1662158016239798,-0.1564703728830099,-0.16808030684739356,-0.17243353676975298,-0.17909239048251607,-0.1964844347169596,-0.21023518470402436,-0.20489988121953573,-0.21059697498288088,-0.21628282077491434,-0.22195746292266705,-0.22762094549163336,-0.23327331228786718,230015.45238095237,0.004561477904875205,0.005106093979143291,0.00553916819176804,0.006372221900686314,0.007524147798905455,0.009153736158813337,0.010191397910772651,0.011339437364687949,0.01261049233475216,0.013546293207329118,0.01450638399391651,32382780.47619048,32446893.66666667,32511006.85714286,32575120.04761905,32639233.23809524,32703346.42857143,149873.9642857143,165902.2619047619,181930.5595238095,197958.85714285713,213987.15476190476
55,55,Sarasota,0.5187436676798379,0.4812563323201621,24209,0.3633507853403142,0.6366492146596858,29830,0.316,0.684,41247,0.35045317220543803,0.649546827794562,50079,0.4943502824858757,0.5056497175141242,68233,0.5556818181818182,0.4443181818181817,73906,0.5449897750511248,0.4550102249488753,77990,0.5211267605633803,0.4788732394366197,100063,0.5611729019211324,0.4388270980788675,120974,0.5393939393939394,0.4606060606060606,123301,0.4875776397515528,0.5124223602484472,141993,-0.02355526904644717,0.00822081095683791,-0.08359580024368585,-0.09230380256499998,-0.11053124108856194,-0.04019890813112431,0.008329184983818183,0.042309324701124806,0.03356662814538025,0.02428442680013243,0.019755316873939388,0.04500085519150332,0.05620539997059382,0.06738782322536707,0.07854821213434349,0.08968665336167447,0.1008032330612636,216938.11904761905,0.007684142968417217,0.008090660968758332,0.00986758531596512,0.011640142278477835,0.012839373199687788,0.01393470564899912,0.013079052888074231,0.013149358222537608,0.014380913638675238,0.014519680955855938,0.014942798357937022,26056486.80952381,26108011.333333336,26159535.85714286,26211060.38095238,26262584.90476191,26314109.42857143,152532.4642857143,165413.59523809524,178294.72619047618,191175.85714285713,204056.98809523808
56,56,Seminole,0.468020304568528,0.531979695431472,17412,0.3357588357588357,0.6642411642411643,21590,0.17917917917917914,0.8208208208208208,25920,0.2170854271356784,0.7829145728643216,24370,0.2743484224965706,0.7256515775034292,32777,0.29384965831435084,0.7061503416856493,42410,0.2605128205128205,0.7394871794871795,50402,0.2199798183652876,0.7800201816347124,67307,0.25809716599190285,0.7419028340080972,76377,0.23427991886409735,0.7657200811359027,77060,0.2201058201058201,0.77989417989418,88684,-0.29102708869217986,-0.04250255215447202,-0.11118774982516433,-0.22912462338582085,-0.24389898615832156,-0.2602007681204294,-0.25350297488364915,-0.2421676298371795,-0.26758031405271243,-0.27879130912909716,-0.28535870365590266,-0.2950389140940253,-0.30160035604440694,-0.30814884351064364,-0.3146844275449503,-0.32120715889832496,-0.3277170880229576,146816.0,0.005526717227728554,0.005855761659922641,0.006200882764560232,0.0056644555068293065,0.006167633481836746,0.0079962501904318,0.008452499341770963,0.008844866273091341,0.00907939756460974,0.009074432603614391,0.00933276379522432,19022774.5,19060413.5,19098052.5,19135691.5,19173330.5,19210969.5,99767.25,109177.0,118586.75,127996.5,137406.25
57,57,St. Johns,0.37322515212981744,0.6267748478701826,71478,0.2733050847457628,0.7266949152542372,99265,0.258,0.742,118365,0.3319919517102615,0.6680080482897385,127409,0.4491634491634492,0.5508365508365509,156352,0.4786995515695067,0.5213004484304933,148986,0.4674922600619194,0.5325077399380804,160977,0.4579533941236069,0.5420466058763931,195652,0.4994944388270981,0.5005055611729019,208005,0.4625506072874493,0.5374493927125505,207961,0.44016649323621226,0.5598335067637877,231353,-0.07096641556178773,-0.13729770459318258,-0.1736415008382372,-0.15030380256499998,-0.12899246158373845,-0.08538574145355082,-0.06865308162849326,-0.03518819028808057,-0.029606738294393087,-0.03739403629390192,-0.05708801523255075,-0.029516122375429887,-0.021868513778624532,-0.014236004122732737,-0.006618533904468649,0.000983956028374422,0.008571524479730641,315005.4166666667,0.02268772651065826,0.026923213579074616,0.028316646930060644,0.029614387019680555,0.029420686156516426,0.028090764698695408,0.026996110998378325,0.02571078455528945,0.02472681684835289,0.024489074470286174,0.024346701798707,28909699.583333336,28966717.91666667,29023736.25,29080754.583333336,29137772.91666667,29194791.25,243732.5,257987.08333333334,272241.6666666667,286496.25,300750.8333333334
58,58,St. Lucie,0.4240890688259109,0.5759109311740891,46813,0.3038906414300736,0.6961093585699265,60439,0.24024024024024024,0.7597597597597597,74092,0.2729103726082578,0.7270896273917421,83658,0.3840304182509506,0.6159695817490494,117560,0.4298245614035088,0.5701754385964912,114904,0.4387755102040816,0.5612244897959183,137805,0.4154929577464788,0.5845070422535211,186195,0.4858585858585859,0.5141414141414141,206426,0.4670719351570416,0.5329280648429584,209120,0.4920802534318902,0.5079197465681098,227526,-0.019052655366109783,-0.08643378789708911,-0.14305594415392642,-0.16806356232475975,-0.18807404068574218,-0.15051877236604944,-0.1175280717944912,-0.06390494014591835,-0.07206717467152118,-0.05102988926241414,-0.05256668736295844,0.01024576023168322,0.0322302734978166,0.05417138197110205,0.07606925670513931,0.09792406774424478,0.11973598413156594,362594.5357142857,0.014858845255091709,0.016392606714407804,0.017725146828387217,0.01944509720108027,0.022121212805465047,0.02166472841031303,0.02311012800668124,0.02446803268186433,0.024539111534521253,0.0246255560091856,0.023943963006542432,43057725.39285714,43142860.25,43227995.10714286,43313129.96428572,43398264.82142857,43483399.67857143,256175.9642857143,277459.6785714286,298743.39285714284,320027.10714285716,341310.8214285715
59,59,Sumter,0.6809815950920245,0.31901840490797545,7090,0.5441478439425051,0.4558521560574949,8267,0.35600000000000004,0.644,9717,0.3963782696177062,0.6036217303822937,9896,0.5354330708661418,0.4645669291338583,12329,0.5409252669039145,0.4590747330960854,15400,0.4427402862985685,0.5572597137014315,22261,0.3691683569979716,0.6308316430020284,31842,0.3636363636363637,0.6363636363636364,48983,0.3242698892245721,0.675730110775428,60546,0.3002049180327869,0.6997950819672131,77238,-0.21092799076521307,0.17045873836902448,0.09720125835850513,-0.052303802564999946,-0.06460614367629375,0.0008838802491417663,-0.006427366294085468,-0.05994016405143149,-0.11839177542002838,-0.17325211148463632,-0.19536873329542792,-0.24035426215709776,-0.2705644732140797,-0.30071503919562304,-0.3308061951564696,-0.36083817476453817,-0.3908112103119521,127867.65476190476,0.002250426438352599,0.002242222401231148,0.002324613341945671,0.0023001826711359385,0.002319942435169944,0.002903613603693698,0.0037332067744764775,0.004184382484255345,0.005822906515145643,0.007129776750823217,0.008128230684402328,19777330.20238095,19816511.58333333,19855692.96428572,19894874.345238093,19934055.72619048,19973237.10714286,78890.92857142858,88686.27380952382,98481.61904761905,108276.96428571429,118072.30952380953
60,60,Suwannee,0.6621621621621622,0.33783783783783783,7402,0.5271238485158649,0.4728761514841352,8436,0.314,0.6859999999999999,8870,0.3478701825557809,0.6521298174442189,9122,0.4661354581673306,0.5338645418326693,11374,0.4382422802850357,0.5617577197149645,12144,0.3371134020618557,0.6628865979381443,12461,0.28830645161290325,0.7116935483870968,15802,0.28194726166328604,0.718052738336714,17711,0.2730964467005076,0.7269035532994923,17692,0.2173017507723996,0.7826982492276005,18787,-0.2938311580256004,0.15163930543916215,0.08017726293186489,-0.09430380256499998,-0.11311423073821908,-0.06841373244966942,-0.10911035291296428,-0.16556704828814428,-0.19925368080509676,-0.254941213457714,-0.24654217581949245,-0.3215767162460992,-0.35253297585381915,-0.38342811743636673,-0.4142623818532343,-0.44503600854281444,-0.4757492355337547,27877.416666666664,0.0023494578979810915,0.002288059535113821,0.0021219841867920236,0.002120277518805783,0.0021402405107975447,0.002289706727484173,0.00208973045311313,0.002076553357710036,0.0021054140679367226,0.0020833747939676336,0.001977071776429562,2876564.583333333,2882244.916666666,2887925.25,2893605.583333333,2899285.916666666,2904966.25,20777.0,22197.083333333332,23617.166666666664,25037.25,26457.333333333332
61,61,Taylor,0.6292929292929292,0.3707070707070708,5406,0.5163599182004089,0.48364008179959106,5868,0.3,0.7,5770,0.3027245206861756,0.6972754793138244,5875,0.4883401920438957,0.5116598079561042,7213,0.5289256198347108,0.4710743801652893,7997,0.3949238578680203,0.6050761421319797,6810,0.35786290322580644,0.6421370967741935,8581,0.30293819655521786,0.6970618034447822,9387,0.30628803245436104,0.6937119675456389,9140,0.2368692070030896,0.7631307929969103,9348,-0.2742637017949104,0.11877007256992922,0.06941333261640892,-0.108303802565,-0.15825989260782436,-0.04620899857310429,-0.018427013363289224,-0.10775659248197966,-0.12969722919219356,-0.23395027856578215,-0.213350590065639,-0.27126841526524004,-0.29853789606559644,-0.3257535377770182,-0.3529155525735064,-0.38002415137721357,-0.40707954386840584,12554.904761904761,0.0017159104831783005,0.001591552080612601,0.0013803662635614407,0.001365559134288969,0.0013572669952859762,0.001507805064203799,0.0011420483416820812,0.00112763601838437,0.0011158896649382881,0.0010763082532706406,0.0009837476428415154,965094.4523809523,966993.8333333335,968893.2142857143,970792.5952380951,972691.9761904762,974591.3571428572,10180.678571428572,10655.52380952381,11130.369047619046,11605.214285714286,12080.059523809523
62,62,Union,0.7308467741935484,0.2691532258064516,2040,0.5246406570841889,0.4753593429158111,2423,0.2962962962962963,0.7037037037037036,2567,0.29577464788732394,0.7042253521126759,2349,0.4462915601023018,0.5537084398976982,3571,0.4588100686498856,0.5411899313501144,3462,0.3762781186094069,0.623721881390593,3826,0.2696177062374246,0.7303822937625755,4675,0.24822695035460995,0.75177304964539,5310,0.2520325203252033,0.7479674796747967,5408,0.18153846153846154,0.8184615384615385,5722,-0.32959444725953846,0.22032391747054836,0.07769407150018892,-0.1120075062687037,-0.16520976540667603,-0.0882576305146982,-0.08854256454811438,-0.12640233174059307,-0.2179424261805754,-0.28866152476639007,-0.26760610219479675,-0.34268661312739823,-0.37495182960452667,-0.4071533437371784,-0.4392914065693816,-0.4713662676639814,-0.503378175114392,8722.464285714286,0.000647513389878604,0.0006571797360811746,0.0006141074867525508,0.000545991218118262,0.0006719534784647473,0.0006527474218173755,0.0006416265719934865,0.0006143454592642968,0.0006312319293514763,0.0006368353428542258,0.0006021613192489463,944593.1071428572,946459.25,948325.3928571428,950191.5357142857,952057.6785714286,953923.8214285716,6389.785714285714,6856.321428571429,7322.857142857143,7789.392857142857,8255.92857142857
63,63,Volusia,0.5672097759674135,0.43279022403258655,88225,0.4580712788259958,0.5419287211740041,101882,0.391,0.609,112191,0.4277047522750253,0.5722952477249748,131182,0.5237499999999999,0.47625,155499,0.5558060879368659,0.4441939120631342,160158,0.5419222903885481,0.458077709611452,183674,0.5080482897384305,0.4919517102615694,228939,0.5288753799392097,0.4711246200607903,244855,0.4944275582573455,0.5055724417426546,235254,0.432601880877743,0.5673981191222571,263278,-0.07853102792025701,0.05668691924441349,0.011124693241995776,-0.01730380256499997,-0.03327966101897467,-0.010799190617000076,0.00845345473886594,0.03924184003854814,0.020488157320430522,-0.008013095181790275,-0.025211064262654515,-0.03523655172674012,-0.04059650170266238,-0.04594586934203093,-0.05128469634868793,-0.05661302418041103,-0.061930894050888696,383886.1666666666,0.028003367069627368,0.02763301109014537,0.02683963110489109,0.030491366528390733,0.029260177526684326,0.030197204385738655,0.030802435698988925,0.030085055636044668,0.02910740001155475,0.02770304396224631,0.02770636627214682,39137967.33333333,39215243.66666666,39292520.0,39369796.33333333,39447072.66666666,39524349.0,287290.75,306609.8333333333,325928.9166666666,345248.0,364567.0833333333
64,64,Wakulla,0.5983436853002071,0.40165631469979296,4072,0.5072916666666667,0.4927083333333333,4276,0.32299999999999995,0.677,4558,0.3370332996972755,0.6629667003027245,4805,0.4733242134062928,0.5266757865937073,6714,0.5101796407185629,0.4898203592814371,7169,0.4598765432098765,0.5401234567901234,8587,0.41935483870967744,0.5806451612903226,11763,0.3742393509127789,0.6257606490872212,14376,0.3577235772357724,0.6422764227642276,14697,0.2928348909657321,0.7071651090342679,15444,-0.21829801783226788,0.08782082857720708,0.060345081082666674,-0.08530380256500003,-0.12395111359672445,-0.06122497721070719,-0.03717299247943706,-0.0428039071401235,-0.06820529370832257,-0.16264912420822114,-0.16191504528422762,-0.19296981419428505,-0.21138997963349482,-0.22977377749633376,-0.24812135110349232,-0.26643284293001557,-0.28470839461209607,26185.535714285714,0.0012924875115616055,0.0011597608549249287,0.0010904175787370962,0.0011168530451503822,0.0012633703876819696,0.0013516886964207873,0.0014400542011782716,0.0015457851630643685,0.0017089623759617369,0.0017306895402974404,0.0016252672866970865,3350055.892857143,3356683.7500000005,3363311.6071428573,3369939.4642857146,3376567.321428572,3383195.1785714286,17900.714285714286,19557.678571428572,21214.64285714286,22871.60714285714,24528.571428571428
65,65,Walton,0.639511201629328,0.3604887983706721,8279,0.4814432989690722,0.5185567010309278,9336,0.26,0.74,9629,0.3014112903225807,0.6985887096774194,10808,0.40479548660084624,0.5952045133991537,13554,0.4090368608799049,0.5909631391200952,15518,0.3165467625899281,0.6834532374100719,18323,0.2613521695257316,0.7386478304742685,23976,0.2680203045685279,0.731979695431472,27139,0.23654822335025386,0.7634517766497462,28582,0.21079958463136034,0.7892004153686397,33898,-0.30033332416663966,0.12898834490632793,0.03449671338507215,-0.14830380256499998,-0.1595731229714193,-0.12975370401615377,-0.1383157723180951,-0.1861336877600719,-0.2262079628922684,-0.26886817055247214,-0.2830903991697462,-0.3280946132862965,-0.35382565605866034,-0.37950589713405236,-0.4051355367164433,-0.43071477382856926,-0.45624380632138184,52834.47619047619,0.0026278251739240014,0.00253216261496238,0.0023035609621894475,0.002512163935897052,0.0025504501392078363,0.0029258620715661558,0.003072797615953124,0.00315070518317022,0.003226177651726877,0.003365759572755082,0.0035672954211640657,6674688.238095238,6687892.333333332,6701096.428571429,6714300.523809523,6727504.6190476185,6740708.714285715,36329.357142857145,39630.380952380954,42931.40476190476,46232.42857142857,49533.45238095238
66,66,Washington,0.6065239551478084,0.3934760448521917,5879,0.489252814738997,0.5107471852610032,6454,0.294,0.706,6524,0.3293051359516617,0.6706948640483383,6518,0.4078282828282829,0.5921717171717172,7835,0.4595898673100121,0.5404101326899878,7803,0.35942327497425336,0.6405767250257467,7886,0.2832661290322581,0.7167338709677421,10281,0.2591093117408907,0.7408906882591093,11041,0.2594099694811801,0.7405900305188199,10858,0.20781893004115226,0.7921810699588477,10901,-0.30331397875684774,0.09600109842480842,0.04230622915499699,-0.114303802565,-0.13167927734233825,-0.12672090778871714,-0.08776276588798787,-0.14325717537574661,-0.20429400338574188,-0.27777916338010933,-0.2602286530388199,-0.32530309263796653,-0.35475681263899617,-0.384152381131301,-0.41349002728365747,-0.44276997891273595,-0.4719924624938443,15689.15476190476,0.0018660447152432907,0.0017504903081584403,0.0015607468810181695,0.0015150152233694466,0.0014743084580709311,0.0014712270746507744,0.001322495333701159,0.0013510343672077506,0.0013125106839867516,0.0012786165223208552,0.0011471794025048525,1398515.7023809522,1401273.083333333,1404030.464285714,1406787.8452380951,1409545.226190476,1412302.6071428568,12242.428571428572,12931.77380952381,13621.119047619046,14310.464285714286,14999.809523809523
